Symbol,Security,GICS Sector,GICS Sub-Industry,Headquarters Location,Date added,CIK,Founded,Revenue,Net Income,EBITDA,Working Capital,Operating Cash Flow,Free Cash Flow
TTWO,Take-Two Interactive,Communication Services,Interactive Home Entertainment,"New York City, New York",2018-03-19,946581,1993,6656400000.0,-298200000.0,788499968.0,610700000.0,624300000.0,461500000.0
META,Meta Platforms,Communication Services,Interactive Media & Services,"Menlo Park, California",2013-12-23,1326801,2004,200966000000.0,60458000000.0,109308002304.0,66886000000.0,115800000000.0,46109000000.0
TMUS,T-Mobile US,Communication Services,Wireless Telecommunication Services,"Bellevue, Washington",2019-07-15,1283699,1994,88309000000.0,10992000000.0,33884999680.0,-39000000.0,27950000000.0,15427000000.0
LYV,Live Nation Entertainment,Communication Services,Movies & Entertainment,"Beverly Hills, California",2019-12-23,1335258,2010,25201406000.0,495972000.0,1493752064.0,-54458000.0,1395316000.0,304979000.0
NFLX,Netflix,Communication Services,Movies & Entertainment,"Los Gatos, California",2010-12-20,1065280,1997,45183036000.0,10981201000.0,14288497664.0,2039261000.0,10149273000.0,9461053000.0
VZ,Verizon,Communication Services,Integrated Telecommunication Services,"New York City, New York",1983-11-30,732712,1983 (1877),138191000000.0,17174000000.0,51101999104.0,-5448000000.0,37137000000.0,19676000000.0
TTD,Trade Desk (The),Communication Services,Advertising,"Ventura, California",2025-07-18,1671933,2009,2896284000.0,443304000.0,709745984.0,1995007000.0,992721000.0,782958000.0
GOOG,Alphabet Inc. (Class C),Communication Services,Interactive Media & Services,"Mountain View, California",2014-04-03,1652044,1998,402836000000.0,132170000000.0,161315995648.0,103293000000.0,164713000000.0,73266000000.0
GOOGL,Alphabet Inc. (Class A),Communication Services,Interactive Media & Services,"Mountain View, California",2006-04-03,1652044,1998,402836000000.0,132170000000.0,161315995648.0,103293000000.0,164713000000.0,73266000000.0
NWSA,News Corp (Class A),Communication Services,Publishing,"New York City, New York",2013-08-01,1564708,2013 (News Corporation 1980),8452000000.0,1180000000.0,1252000000.0,2203000000.0,978000000.0,571000000.0
FOXA,Fox Corporation (Class A),Communication Services,Broadcasting,"New York City, New York",2019-03-19,1754301,2019,16300000000.0,2263000000.0,3548999936.0,5532000000.0,3324000000.0,2993000000.0
FOX,Fox Corporation (Class B),Communication Services,Broadcasting,"New York City, New York",2019-03-19,1754301,2019,16300000000.0,2263000000.0,3548999936.0,5532000000.0,3324000000.0,2993000000.0
SATS,EchoStar,Communication Services,Wireless Telecommunication Services,"Englewood, Colorado",2026-03-23,1415404,2008,15004989000.0,-14497180000.0,1587501952.0,-7230248000.0,-99374000.0,-1741415000.0
NWS,News Corp (Class B),Communication Services,Publishing,"New York City, New York",2015-09-18,1564708,2013 (News Corporation 1980),8452000000.0,1180000000.0,1252000000.0,2203000000.0,978000000.0,571000000.0
DIS,Walt Disney Company (The),Communication Services,Movies & Entertainment,"Burbank, California",1976-06-30,1744489,1923,94425000000.0,12404000000.0,19719999488.0,-9895000000.0,18101000000.0,10077000000.0
CMCSA,Comcast,Communication Services,Cable & Satellite,"Philadelphia, Pennsylvania",2002-11-19,1166691,1963,123707000000.0,19998000000.0,35371999232.0,-3957000000.0,33643000000.0,19235000000.0
WBD,Warner Bros. Discovery,Communication Services,Broadcasting,"New York City, New York",2022-04-11,1437107,2022 (Warner Bros. 1923),37296000000.0,727000000.0,7584000000.0,706000000.0,4319000000.0,3088000000.0
T,AT&T,Communication Services,Integrated Telecommunication Services,"Dallas, Texas",1983-11-30,732717,1983 (1885),125648000000.0,21953000000.0,44411998208.0,-5048000000.0,40284000000.0,19442000000.0
TKO,TKO Group Holdings,Communication Services,Movies & Entertainment,"New York City, New York",2025-03-24,1973266,2023,4735151000.0,195403000.0,1440404992.0,481898000.0,1285725000.0,1158772000.0
EA,Electronic Arts,Communication Services,Interactive Home Entertainment,"Redwood City, California",2002-07-22,712515,1982,7531000000.0,887000000.0,1484999936.0,176000000.0,2553000000.0,2323000000.0
CHTR,Charter Communications,Communication Services,Cable & Satellite,"Stamford, Connecticut",2016-09-08,1091667,1993,54774000000.0,4987000000.0,21974999040.0,-8162000000.0,16077000000.0,4418000000.0
PSKY,Paramount Skydance Corporation,Communication Services,Movies & Entertainment,"Los Angeles, California",1994-09-30,2041610,2025 (Paramount Pictures 1912),29213000000.0,-6190000000.0,3089999872.0,2721000000.0,752000000.0,489000000.0
OMC,Omnicom Group,Communication Services,Advertising,"New York City, New York",1997-12-31,29989,1986,17271900000.0,-54500000.0,3156300032.0,-2072800000.0,2938200000.0,2788400000.0
DASH,DoorDash,Consumer Discretionary,Specialized Consumer Services,"San Francisco, California",2025-03-24,1792789,2012,13717000000.0,935000000.0,1350000000.0,2496000000.0,2431000000.0,1826000000.0
TSLA,"Tesla, Inc.",Consumer Discretionary,Automobile Manufacturers,"Austin, Texas",2020-12-21,1318605,2003,94827000000.0,3794000000.0,11093999616.0,36928000000.0,14747000000.0,6220000000.0
MGM,MGM Resorts,Consumer Discretionary,Casinos & Gaming,"Paradise, Nevada",2017-07-26,789570,1986,17537683000.0,205862000.0,2273850880.0,820317000.0,2529378000.0,1460451000.0
DHI,D. R. Horton,Consumer Discretionary,Homebuilding,"Arlington, Texas",2005-06-22,882184,1978,34250400000.0,3585200000.0,4268600064.0,32179800000.0,3420900000.0,3283500000.0
TPR,"Tapestry, Inc.",Consumer Discretionary,"Apparel, Accessories & Luxury Goods","New York City, New York",2004-09-01,1116132,2017,7010700000.0,183200000.0,1970400000.0,1348700000.0,1216600000.0,1093900000.0
EBAY,eBay Inc.,Consumer Discretionary,Broadline Retail,"San Jose, California",2002-07-22,1065088,1995,11100000000.0,2031000000.0,2980999936.0,449000000.0,1959000000.0,1434000000.0
BBY,Best Buy,Consumer Discretionary,Computer & Electronics Retail,"Richfield, Minnesota",1999-06-29,764478,1966,41691000000.0,1069000000.0,2617999872.0,825000000.0,1962000000.0,1258000000.0
CCL,Carnival Corporation,Consumer Discretionary,"Hotels, Resorts & Cruise Lines","Miami, Florida",1998-12-22,815097,1972,26621000000.0,2760000000.0,7255000064.0,-8873000000.0,6218000000.0,2607000000.0
MCD,McDonald's,Consumer Discretionary,Restaurants,"Chicago, Illinois",1970-06-30,63908,1940,26885000000.0,8563000000.0,14869000192.0,-198000000.0,10551000000.0,7186000000.0
HD,Home Depot (The),Consumer Discretionary,Home Improvement Retail,"Atlanta, Georgia",1988-03-31,354950,1978,164683000000.0,14156000000.0,24945999872.0,1967000000.0,16325000000.0,12646000000.0
NKE,"Nike, Inc.",Consumer Discretionary,"Apparel, Accessories & Luxury Goods","Washington County, Oregon",1988-11-30,320187,1964,46309000000.0,3219000000.0,3864000000.0,12796000000.0,3698000000.0,3268000000.0
NVR,"NVR, Inc.",Consumer Discretionary,Homebuilding,"Reston, Virginia",2019-09-26,906163,1980,10341845000.0,1339816000.0,1664343040.0,4197069000.0,1121320000.0,1096812000.0
AZO,AutoZone,Consumer Discretionary,Automotive Retail,"Memphis, Tennessee",1997-01-02,866787,1979,18938717000.0,2498247000.0,4266778880.0,-1178018000.0,3117337000.0,1790080000.0
DRI,Darden Restaurants,Consumer Discretionary,Restaurants,"Orlando, Florida",1995-05-31,940944,1938,12076700000.0,1049600000.0,2008700032.0,-1309800000.0,1698500000.0,1026600000.0
POOL,Pool Corporation,Consumer Discretionary,Distributors,"Covington, Louisiana",2020-10-07,945841,1993,5289396000.0,406404000.0,637798976.0,1089579000.0,365850000.0,309516000.0
CMG,Chipotle Mexican Grill,Consumer Discretionary,Restaurants,"Newport Beach, California",2011-04-28,1058090,1993,11925601000.0,1535761000.0,2303996928.0,278811000.0,2113926000.0,1447590000.0
CVNA,Carvana,Consumer Discretionary,Automotive Retail,"Tempe, Arizona",2025-12-22,1690820,2012,20322000000.0,1407000000.0,2342000128.0,5030000000.0,1036000000.0,889000000.0
PHM,PulteGroup,Consumer Discretionary,Homebuilding,"Atlanta, Georgia",1984-04-30,822416,1956,17311953000.0,2218730000.0,2943536896.0,15994693000.0,1871249000.0,1748533000.0
ORLY,O’Reilly Automotive,Consumer Discretionary,Automotive Retail,"Springfield, Missouri",2009-03-27,898173,1957,17781992000.0,2538209000.0,4085121024.0,-2031544000.0,2761993000.0,1593178000.0
BKNG,Booking Holdings,Consumer Discretionary,"Hotels, Resorts & Cruise Lines","Norwalk, Connecticut",2009-11-06,1075531,1996,26917000000.0,5404000000.0,10378000384.0,5566000000.0,9409000000.0,9087000000.0
RL,Ralph Lauren Corporation,Consumer Discretionary,"Apparel, Accessories & Luxury Goods","New York City, New York",2007-02-02,1037038,1967,8114500000.0,941100000.0,1520300032.0,2060700000.0,1154200000.0,704900000.0
DECK,Deckers Brands,Consumer Discretionary,Footwear,"Goleta, California",2024-03-18,910521,1973,5472296000.0,1024071000.0,1338675968.0,2046346000.0,1181955000.0,1097332000.0
ROST,Ross Stores,Consumer Discretionary,Apparel Retail,"Dublin, California",2009-12-21,745732,1982,22750559000.0,2145044000.0,3430964992.0,2812917000.0,3026883000.0,2207608000.0
NCLH,Norwegian Cruise Line Holdings,Consumer Discretionary,"Hotels, Resorts & Cruise Lines","Miami-Dade County, Florida[4]",2017-10-13,1513761,2011 (1966),9827592000.0,423246000.0,2619822080.0,-4314036000.0,2089746000.0,-1169860000.0
RCL,Royal Caribbean Group,Consumer Discretionary,"Hotels, Resorts & Cruise Lines","Miami, Florida",2014-12-05,884887,1997,17934000000.0,4268000000.0,6902000128.0,-9844000000.0,6465000000.0,1236000000.0
APTV,Aptiv,Consumer Discretionary,Automotive Parts & Equipment,"Schaffhausen, Switzerland",2012-12-24,1521332,1994,20398000000.0,165000000.0,3184999936.0,3708000000.0,2185000000.0,1529000000.0
GPC,Genuine Parts Company,Consumer Discretionary,Distributors,"Atlanta, Georgia",1973-12-31,40987,1925,24300141000.0,65945000.0,2034494976.0,777029000.0,890762000.0,420924000.0
GM,General Motors,Consumer Discretionary,Automobile Manufacturers,"Detroit, Michigan",2013-06-06,1467858,1908,185019000000.0,2697000000.0,18289999872.0,15425000000.0,26867000000.0,1771000000.0
ABNB,Airbnb,Consumer Discretionary,"Hotels, Resorts & Cruise Lines","San Francisco, California",2023-09-18,1559720,2008,12241000000.0,2511000000.0,2619000064.0,5148000000.0,4646000000.0,
TJX,TJX Companies,Consumer Discretionary,Apparel Retail,"Framingham, Massachusetts",1985-09-30,109198,1987,60372000000.0,5494000000.0,8835000320.0,1841000000.0,6874000000.0,4917000000.0
HLT,Hilton Worldwide,Consumer Discretionary,"Hotels, Resorts & Cruise Lines","Tysons Corner, Virginia",2017-06-19,1585689,1919,12039000000.0,1457000000.0,3003000064.0,-1512000000.0,2129000000.0,1944000000.0
MAR,Marriott International,Consumer Discretionary,"Hotels, Resorts & Cruise Lines","Bethesda, Maryland",1998-05-29,1048286,1927,26186000000.0,2601000000.0,4735000064.0,-4814000000.0,3212000000.0,2608000000.0
HAS,Hasbro,Consumer Discretionary,Leisure Products,"Pawtucket, Rhode Island",1984-09-30,46080,1923,4701300000.0,-322400000.0,1270200064.0,712600000.0,893200000.0,694900000.0
GRMN,Garmin,Consumer Discretionary,Consumer Electronics,"Schaffhausen, Switzerland",2012-12-12,1121788,1989,7245519000.0,1663887000.0,2166502912.0,4528145000.0,1633359000.0,1362913000.0
AMZN,Amazon,Consumer Discretionary,Broadline Retail,"Seattle, Washington",2005-11-18,1018724,1994,716924000000.0,77670000000.0,155860992000.0,11078000000.0,139514000000.0,7695000000.0
YUM,Yum! Brands,Consumer Discretionary,Restaurants,"Louisville, Kentucky",1997-10-06,1041061,1997,8214000000.0,1559000000.0,2992999936.0,524000000.0,2010000000.0,1639000000.0
DPZ,Domino's,Consumer Discretionary,Restaurants,"Ann Arbor, Michigan",2020-05-12,1286681,1960,4939994000.0,601704000.0,1021726976.0,352580000.0,792062000.0,671504000.0
WSM,"Williams-Sonoma, Inc.",Consumer Discretionary,Homefurnishing Retail,"San Francisco, California",2025-03-24,719955,1956,7806816000.0,1088437000.0,1649757952.0,759057000.0,1314889000.0,1055451000.0
LOW,Lowe's,Consumer Discretionary,Home Improvement Retail,"Mooresville, North Carolina",1984-02-29,60667,1904/1946/1959,86286000000.0,6654000000.0,12597000192.0,1492000000.0,9864000000.0,7651000000.0
LVS,Las Vegas Sands,Consumer Discretionary,Casinos & Gaming,"Las Vegas, Nevada",2019-10-03,1300514,1988,13017000000.0,1627000000.0,4830000128.0,610000000.0,3023000000.0,1780000000.0
WYNN,Wynn Resorts,Consumer Discretionary,Casinos & Gaming,"Paradise, Nevada",2008-11-14,1174922,2002,7137924000.0,327334000.0,1760022016.0,1040343000.0,1352653000.0,691763000.0
EXPE,Expedia Group,Consumer Discretionary,"Hotels, Resorts & Cruise Lines","Seattle, Washington",2007-10-02,1324424,1996,14733000000.0,1294000000.0,2596999936.0,-4458000000.0,3880000000.0,3110000000.0
LULU,Lululemon Athletica,Consumer Discretionary,"Apparel, Accessories & Luxury Goods","Vancouver, Canada",2023-10-18,1397187,1998,11102600000.0,1579183000.0,2565969920.0,2375153000.0,1602477000.0,921675000.0
LEN,Lennar,Consumer Discretionary,Homebuilding,"Miami, Florida",2005-10-04,920760,1954,34186934000.0,2078179000.0,2482646016.0,17582051000.0,216812000.0,28183000.0
SBUX,Starbucks,Consumer Discretionary,Restaurants,"Seattle, Washington",2000-06-07,829224,1971,37184400000.0,1856400000.0,5395299840.0,-2828100000.0,4747500000.0,2442000000.0
ULTA,Ulta Beauty,Consumer Discretionary,Other Specialty Retail,"Bolingbrook, Illinois",2016-04-18,1403568,1990,12392820000.0,1153479000.0,1889405056.0,919804000.0,1502780000.0,1067951000.0
F,Ford Motor Company,Consumer Discretionary,Automobile Manufacturers,"Dearborn, Michigan",1957-03-04,37996,1903,187267000000.0,-8182000000.0,7577999872.0,8597000000.0,21282000000.0,12467000000.0
TSCO,Tractor Supply,Consumer Discretionary,Other Specialty Retail,"Brentwood, Tennessee",2014-01-24,916365,1938,15524046000.0,1096087000.0,1952216064.0,893348000.0,1635259000.0,740489000.0
WMT,Walmart,Consumer Staples,Consumer Staples Merchandise Retail,"Bentonville, Arkansas",1982-08-31,104169,1962,713163000000.0,21893000000.0,44837998592.0,-22595000000.0,41565000000.0,14923000000.0
MO,Altria,Consumer Staples,Tobacco,"Richmond, Virginia",1957-03-04,764180,1985,20139000000.0,6947000000.0,15788000256.0,-3222000000.0,9290000000.0,9074000000.0
COST,Costco,Consumer Staples,Consumer Staples Merchandise Retail,"Issaquah, Washington",1993-10-01,909832,1976,275235000000.0,8099000000.0,13790000128.0,1272000000.0,13335000000.0,7837000000.0
GIS,General Mills,Consumer Staples,Packaged Foods & Meats,"Golden Valley, Minnesota",1957-03-04,40704,1856,19486600000.0,2295200000.0,3318099968.0,-2581600000.0,2918200000.0,2292900000.0
KO,Coca-Cola Company (The),Consumer Staples,Soft Drinks & Non-alcoholic Beverages,"Atlanta, Georgia",1957-03-04,21344,1886,47941000000.0,13107000000.0,16714999808.0,9763000000.0,7408000000.0,5296000000.0
CASY,Casey's,Consumer Staples,Food Retail,"Ankeny, Iowa",2026-04-09,726958,1967,,,1483614976.0,-88840000.0,1090854000.0,584630000.0
KVUE,Kenvue,Consumer Staples,Personal Care Products,"Skillman, New Jersey",2023-08-25,1944048,2022 (Johnson & Johnson spinoff),15124000000.0,1470000000.0,3470000128.0,-248000000.0,2197000000.0,1722000000.0
KMB,Kimberly-Clark,Consumer Staples,Household Products,"Irving, Texas",1957-03-04,55785,1872,16447000000.0,2021000000.0,3351000064.0,-1815000000.0,2777000000.0,1639000000.0
CHD,Church & Dwight,Consumer Staples,Household Products,"Ewing, New Jersey",2015-12-29,313927,1847,6203200000.0,736800000.0,1388000000.0,99300000.0,1215400000.0,1093000000.0
DLTR,Dollar Tree,Consumer Staples,Consumer Staples Merchandise Retail,"Chesapeake, Virginia",2011-12-19,935703,1986,19411800000.0,1282500000.0,2405299968.0,217600000.0,2534000000.0,1400000000.0
STZ,Constellation Brands,Consumer Staples,Distillers & Vintners,"Rochester, New York",2005-07-01,16918,1945,9139000000.0,1686700000.0,3384000000.0,216500000.0,2669000000.0,1794000000.0
HSY,Hershey Company (The),Consumer Staples,Packaged Foods & Meats,"Hershey, Pennsylvania",1957-03-04,47111,1894,11692576000.0,883259000.0,2260761088.0,577003000.0,2277367000.0,1749148000.0
HRL,Hormel Foods,Consumer Staples,Packaged Foods & Meats,"Austin, Minnesota",2009-03-04,48465,1891,12106160000.0,478197000.0,1251180032.0,2024860000.0,845251000.0,534349000.0
CLX,Clorox,Consumer Staples,Household Products,"Oakland, California",1969-03-31,21076,1913,7104000000.0,810000000.0,1274000000.0,-311000000.0,981000000.0,761000000.0
PEP,PepsiCo,Consumer Staples,Soft Drinks & Non-alcoholic Beverages,"Purchase, New York",1957-03-04,77476,1898,93925000000.0,8240000000.0,18695999488.0,-4815000000.0,12087000000.0,7672000000.0
PG,Procter & Gamble,Consumer Staples,Personal Care Products,"Cincinnati, Ohio",1957-03-04,80424,1837,84284000000.0,15974000000.0,25041999872.0,-10666000000.0,17817000000.0,14044000000.0
PM,Philip Morris International,Consumer Staples,Tobacco,"New York City, New York",2008-03-31,1413329,2008 (1847),40648000000.0,11348000000.0,18594000896.0,-1064000000.0,12233000000.0,10664000000.0
CAG,Conagra Brands,Consumer Staples,Packaged Foods & Meats,"Chicago, Illinois",1983-08-31,23217,1919,11612800000.0,1152400000.0,1729400064.0,-1246000000.0,1691900000.0,1302600000.0
DG,Dollar General,Consumer Staples,Consumer Staples Merchandise Retail,"Goodlettsville, Tennessee",2012-12-03,29534,1939,42724369000.0,1512311000.0,3387527936.0,936668000.0,3634500000.0,2393338000.0
SJM,J.M. Smucker Company (The),Consumer Staples,Packaged Foods & Meats,"Orrville, Ohio",2008-11-06,91419,1897,8726100000.0,-1230800000.0,1926000000.0,-505400000.0,1210400000.0,816600000.0
TAP,Molson Coors Beverage Company,Consumer Staples,Brewers,"Chicago, Illinois",1976-06-30,24545,"2005 (Molson 1786, Coors 1873)",11140800000.0,-2139600000.0,2444699904.0,-2375300000.0,1784400000.0,1067800000.0
EL,Estée Lauder Companies (The),Consumer Staples,Personal Care Products,"New York City, New York",2006-01-05,1001250,1946,14326000000.0,-1133000000.0,2350000128.0,1634000000.0,1272000000.0,670000000.0
MDLZ,Mondelez International,Consumer Staples,Packaged Foods & Meats,"Chicago, Illinois",2012-10-02,1103982,2012,38537000000.0,2451000000.0,5216000000.0,-8913000000.0,4514000000.0,3235000000.0
TSN,Tyson Foods,Consumer Staples,Packaged Foods & Meats,"Springdale, Arkansas",2005-08-10,100493,1935,54441000000.0,474000000.0,2710000128.0,3527000000.0,2155000000.0,1177000000.0
KDP,Keurig Dr Pepper,Consumer Staples,Soft Drinks & Non-alcoholic Beverages,"Burlington, Massachusetts",2022-06-21,1418135,1981,16603000000.0,2079000000.0,4441999872.0,-3024000000.0,1991000000.0,1488000000.0
ADM,Archer Daniels Midland,Consumer Staples,Agricultural Products & Services,"Chicago, Illinois",1957-03-04,7084,1902,80269000000.0,1078000000.0,2539000064.0,7131000000.0,5452000000.0,4204000000.0
KR,Kroger,Consumer Staples,Food Retail,"Cincinnati, Ohio",1957-03-04,56873,1883,147642000000.0,1016000000.0,8090999808.0,-3603000000.0,7311000000.0,3456000000.0
KHC,Kraft Heinz,Consumer Staples,Packaged Foods & Meats,"Chicago, Illinois; Pittsburgh, Pennsylvania",2015-07-06,1637459,2015 (1869),24942000000.0,-5846000000.0,5761999872.0,1349000000.0,4462000000.0,3661000000.0
TGT,Target Corporation,Consumer Staples,Consumer Staples Merchandise Retail,"Minneapolis, Minnesota",1976-12-31,27419,1902,104780000000.0,3705000000.0,8344000000.0,-1225000000.0,6562000000.0,2835000000.0
SYY,Sysco,Consumer Staples,Food Distributors,"Houston, Texas",1986-12-31,96021,1969,81370000000.0,1828000000.0,4565000192.0,2052000000.0,2510000000.0,1604000000.0
BF.B,Brown–Forman,Consumer Staples,Distillers & Vintners,"Louisville, Kentucky",1982-10-31,14693,1870,,,,,,
MNST,Monster Beverage,Consumer Staples,Soft Drinks & Non-alcoholic Beverages,"Corona, California",2012-06-28,865752,2012 (1935),8294343000.0,1905432000.0,2822268928.0,3913304000.0,2098177000.0,1940648000.0
CL,Colgate-Palmolive,Consumer Staples,Household Products,"New York City, New York",1957-03-04,21665,1806,20382000000.0,2132000000.0,4920999936.0,-1144000000.0,4198000000.0,3634000000.0
BG,Bunge Global,Consumer Staples,Agricultural Products & Services,"Chesterfield, Missouri",2023-03-15,1996862,1818,70329000000.0,816000000.0,2233999872.0,9264000000.0,844000000.0,-879000000.0
CPB,Campbell's Company (The),Consumer Staples,Packaged Foods & Meats,"Camden, New Jersey",1957-03-04,16732,1869,10253000000.0,602000000.0,1704999936.0,-674000000.0,1131000000.0,705000000.0
MKC,McCormick & Company,Consumer Staples,Packaged Foods & Meats,"Hunt Valley, Maryland",2003-03-20,63754,1889,6840300000.0,789400000.0,1357400064.0,-924100000.0,962200000.0,740400000.0
MPC,Marathon Petroleum,Energy,Oil & Gas Refining & Marketing,"Findlay, Ohio",2011-07-01,1510295,2009 (1887),132699000000.0,4047000000.0,10257999872.0,5102000000.0,8253000000.0,4767000000.0
EOG,EOG Resources,Energy,Oil & Gas Exploration & Production,"Houston, Texas",2000-11-02,821189,1999,22582000000.0,4980000000.0,12586000384.0,2965000000.0,10044000000.0,3450000000.0
EQT,EQT Corporation,Energy,Oil & Gas Exploration & Production,"Pittsburgh, Pennsylvania",2022-10-03,33213,1888,8353217000.0,2039247000.0,7665675776.0,-589690000.0,5125952000.0,2837527000.0
DVN,Devon Energy,Energy,Oil & Gas Exploration & Production,"Oklahoma City, Oklahoma",2000-08-30,1090012,1971,17188000000.0,2642000000.0,6721999872.0,-80000000.0,6711000000.0,2797000000.0
HAL,Halliburton,Energy,Oil & Gas Equipment & Services,"Houston, Texas",1957-03-04,45012,1919,22184000000.0,1283000000.0,4123000064.0,5810000000.0,2926000000.0,1672000000.0
EXE,Expand Energy,Energy,Oil & Gas Exploration & Production,"Oklahoma City, Oklahoma",2025-03-24,895126,1989,12189000000.0,1819000000.0,7424000000.0,15000000.0,4575000000.0,1644000000.0
SLB,Schlumberger,Energy,Oil & Gas Equipment & Services,"Houston, Texas",1957-03-04,87347,1926,35708000000.0,3374000000.0,7510000128.0,4792000000.0,6489000000.0,4543000000.0
OKE,Oneok,Energy,Oil & Gas Storage & Transportation,"Tulsa, Oklahoma",2010-03-15,1039684,1906,33629000000.0,3393000000.0,7506999808.0,-1877000000.0,5599000000.0,2447000000.0
FANG,Diamondback Energy,Energy,Oil & Gas Exploration & Production,"Midland, Texas",2018-12-03,1539838,2007,14929000000.0,1664000000.0,10149000192.0,-2685000000.0,8758000000.0,-703000000.0
COP,ConocoPhillips,Energy,Oil & Gas Exploration & Production,"Houston, Texas",1957-03-04,1163165,2002,58944000000.0,7988000000.0,23346999296.0,3560000000.0,19796000000.0,7243000000.0
WMB,Williams Companies,Energy,Oil & Gas Storage & Transportation,"Tulsa, Oklahoma",1975-03-31,107263,1908,11950000000.0,2618000000.0,6821000192.0,-2862000000.0,5898000000.0,899000000.0
OXY,Occidental Petroleum,Energy,Oil & Gas Exploration & Production,"Houston, Texas",1957-03-04,797468,1920,21593000000.0,2326000000.0,10826999808.0,-601000000.0,10532000000.0,4105000000.0
PSX,Phillips 66,Energy,Oil & Gas Refining & Marketing,"Houston, Texas",2012-05-01,1534701,2012 (1917),132376000000.0,4403000000.0,7040000000.0,3945000000.0,4962000000.0,2729000000.0
BKR,Baker Hughes,Energy,Oil & Gas Equipment & Services,"Houston, Texas",2017-07-07,1701605,2017,27733000000.0,2588000000.0,4821000192.0,4951000000.0,3810000000.0,2537000000.0
KMI,Kinder Morgan,Energy,Oil & Gas Storage & Transportation,"Houston, Texas",2012-05-25,1506307,1997,16937000000.0,3056000000.0,7437000192.0,-1568000000.0,5917000000.0,2891000000.0
VLO,Valero Energy,Energy,Oil & Gas Refining & Marketing,"San Antonio, Texas",2002-12-20,1035002,1980,122687000000.0,2348000000.0,9203000320.0,9101000000.0,5826000000.0,5030000000.0
APA,APA Corporation,Energy,Oil & Gas Exploration & Production,"Houston, Texas",1997-07-28,1841666,1954,8920000000.0,1434000000.0,5210999808.0,-450000000.0,4545000000.0,1779000000.0
TRGP,Targa Resources,Energy,Oil & Gas Storage & Transportation,"Houston, Texas",2022-10-12,1389170,2005,17028300000.0,1923000000.0,5217399808.0,-1184100000.0,3917400000.0,584100000.0
CVX,Chevron Corporation,Energy,Integrated Oil & Gas,"Houston, Texas",1957-03-04,93410,1879,184432000000.0,12299000000.0,37906001920.0,5165000000.0,33939000000.0,16592000000.0
XOM,ExxonMobil,Energy,Integrated Oil & Gas,"Irving, Texas",1957-03-04,34088,1999,323905000000.0,28844000000.0,56007000064.0,11052000000.0,51970000000.0,23612000000.0
TPL,Texas Pacific Land Corporation,Energy,Oil & Gas Exploration & Production,"Dallas, Texas",2024-11-26,1811074,1888,798190000.0,481376000.0,690252032.0,245751000.0,545910000.0,32135000.0
AJG,Arthur J. Gallagher & Co.,Financials,Insurance Brokers,"Rolling Meadows, Illinois",2016-05-31,354190,1927,13942000000.0,1494000000.0,3960000000.0,1837000000.0,1930000000.0,1785000000.0
ARES,Ares Management,Financials,Asset Management & Custody Banks,"Los Angeles, California",2025-12-11,1176948,1977,5601482000.0,527362000.0,1379773056.0,1380648000.0,3266959000.0,3194781000.0
MA,Mastercard,Financials,Transaction & Payment Processing Services,"Harrison, New York",2008-07-18,1141391,1966,32791000000.0,14968000000.0,21376999424.0,796000000.0,17648000000.0,16433000000.0
ACGL,Arch Capital Group,Financials,Property & Casualty Insurance,"Hamilton, Bermuda",2022-11-01,947484,1995,19294000000.0,4399000000.0,5896999936.0,,6172000000.0,6128000000.0
USB,U.S. Bancorp,Financials,Diversified Banks,"Minneapolis, Minnesota",1999-11-01,36104,1968,28540000000.0,7570000000.0,,,7970000000.0,
TFC,Truist Financial,Financials,Diversified Banks,"Charlotte, North Carolina",1997-12-04,92230,1872,20319000000.0,5307000000.0,,,5739000000.0,
JKHY,Jack Henry & Associates,Financials,Transaction & Payment Processing Services,"Monett, Missouri",2018-11-13,779152,1976,2375288000.0,455748000.0,715414016.0,145680000.0,641504000.0,410338000.0
MRSH,Marsh McLennan,Financials,Insurance Brokers,"New York City, New York",1987-08-31,62709,1905,26981000000.0,4160000000.0,7632000000.0,2140000000.0,5292000000.0,5001000000.0
FISV,Fiserv,Financials,Transaction & Payment Processing Services,"Brookfield, Wisconsin",2001-04-02,798354,1984,21193000000.0,3480000000.0,,764000000.0,6062000000.0,4299000000.0
AON,Aon plc,Financials,Insurance Brokers,"London, United Kingdom",1996-04-23,315293,1982 (1919),17181000000.0,3695000000.0,5843999744.0,2548000000.0,3481000000.0,3218000000.0
COIN,Coinbase,Financials,Financial Exchanges & Data,"New York City, New York",2025-05-19,1679788,2012,7181325000.0,1260327000.0,1002446976.0,11687163000.0,2426383000.0,
APO,Apollo Global Management,Financials,Asset Management & Custody Banks,"New York City, New York",2024-12-23,1858681,1990,32049000000.0,3492000000.0,,-71541000000.0,7246000000.0,
AMP,Ameriprise Financial,Financials,Asset Management & Custody Banks,"Minneapolis, Minnesota",2005-10-03,820027,1894,18480000000.0,3563000000.0,,,8323000000.0,8161000000.0
ERIE,Erie Indemnity,Financials,Insurance Brokers,"Erie, Pennsylvania",2024-09-23,922621,1925,4148570000.0,559335000.0,826961984.0,,686657000.0,570965000.0
AIZ,Assurant,Financials,Multi-line Insurance,"Atlanta, Georgia",2007-04-10,1267238,1892,12814300000.0,872700000.0,1638899968.0,,1833900000.0,1598400000.0
KKR,KKR & Co.,Financials,Asset Management & Custody Banks,"New York City, New York",2024-06-24,1404912,1976,19207544000.0,2370463000.0,,185131160000.0,477760000.0,316995000.0
FDS,FactSet,Financials,Financial Exchanges & Data,"Norwalk, Connecticut",2021-12-20,1013237,1978,2321748000.0,597040000.0,910152000.0,208453000.0,726260000.0,617454000.0
TRV,Travelers Companies (The),Financials,Property & Casualty Insurance,"New York City, New York",2002-08-21,86312,1853,48828000000.0,6288000000.0,10574000128.0,,10606000000.0,
JPM,JPMorgan Chase,Financials,Diversified Banks,"New York City, New York",1975-06-30,19617,2000 (1799 / 1871),181847000000.0,57048000000.0,,,-147782000000.0,
AFL,Aflac,Financials,Life & Health Insurance,"Columbus, Georgia",1999-05-28,4977,1955,17355000000.0,3646000000.0,5880000000.0,,2555000000.0,
WTW,Willis Towers Watson,Financials,Insurance Brokers,"London, United Kingdom",2016-01-05,1140536,2016,9708000000.0,1605000000.0,2764999936.0,2870000000.0,1775000000.0,1546000000.0
HBAN,Huntington Bancshares,Financials,Regional Banks,"Columbus, Ohio; Detroit, Michigan",1997-08-28,49196,1866,8131000000.0,2211000000.0,,,2482000000.0,2215000000.0
HIG,Hartford (The),Financials,Property & Casualty Insurance,"Hartford, Connecticut",1957-03-04,874766,1810,28071000000.0,3836000000.0,5520999936.0,,5922000000.0,5753000000.0
WFC,Wells Fargo,Financials,Diversified Banks,"San Francisco, California",1976-06-30,72971,1852,83699000000.0,21338000000.0,,,-19001000000.0,
GS,Goldman Sachs,Financials,Investment Banking & Brokerage,"New York City, New York",2002-07-22,886982,1869,58283000000.0,17176000000.0,,,-45154000000.0,-47218000000.0
GL,Globe Life,Financials,Life & Health Insurance,"McKinney, Texas",1989-04-30,320335,1900,5994318000.0,1161238000.0,1638151936.0,,1396391000.0,1253907000.0
AXP,American Express,Financials,Consumer Finance,"New York City, New York",1976-06-30,4962,1850,72230000000.0,10833000000.0,,,18428000000.0,16003000000.0
GPN,Global Payments,Financials,Transaction & Payment Processing Services,"Atlanta, Georgia",2016-04-25,1123360,2000,7705878000.0,1400107000.0,3920230912.0,5145827000.0,2656592000.0,2038823000.0
WRB,W. R. Berkley Corporation,Financials,Property & Casualty Insurance,"Greenwich, Connecticut",2019-12-05,11544,1967,14639850000.0,1779403000.0,2580321024.0,,3582616000.0,3412622000.0
AIG,American International Group,Financials,Multi-line Insurance,"New York City, New York",1980-03-31,5272,1919,26774000000.0,3096000000.0,8316000256.0,,3314000000.0,
IBKR,Interactive Brokers,Financials,Investment Banking & Brokerage,"Greenwich, Connecticut",2025-08-28,1381197,1977,10222000000.0,984000000.0,,20814000000.0,15811000000.0,15744000000.0
IVZ,Invesco,Financials,Asset Management & Custody Banks,"Atlanta, Georgia",2008-08-21,914208,1935,6377100000.0,-281700000.0,1327600000.0,9868800000.0,1525300000.0,1441000000.0
EG,Everest Group,Financials,Reinsurance,"Hamilton, Bermuda",2017-06-19,1095073,1973,17218000000.0,1591000000.0,,,3068000000.0,
V,Visa Inc.,Financials,Transaction & Payment Processing Services,"San Francisco, California",2009-12-21,1403161,1958,40000000000.0,20058000000.0,30143000576.0,2718000000.0,23059000000.0,21577000000.0
PNC,PNC Financial Services,Financials,Diversified Banks,"Pittsburgh, Pennsylvania",1988-04-30,713676,1845,23077000000.0,6936000000.0,,,4384000000.0,
BEN,Franklin Resources,Financials,Asset Management & Custody Banks,"San Mateo, California",1998-04-30,38777,1947,8770700000.0,524900000.0,1786899968.0,3229700000.0,1066100000.0,911600000.0
ALL,Allstate,Financials,Property & Casualty Insurance,"Northbrook, Illinois",1995-07-13,899051,1931,67069000000.0,10282000000.0,14840000512.0,,10110000000.0,9882000000.0
L,Loews Corporation,Financials,Multi-line Insurance,"New York City, New York",1995-05-31,60086,1959,18176000000.0,1667000000.0,3182000128.0,,3279000000.0,2700000000.0
KEY,KeyCorp,Financials,Regional Banks,"Cleveland, Ohio",1994-03-01,91576,1825,7285000000.0,1829000000.0,,,2208000000.0,2101000000.0
CB,Chubb Limited,Financials,Property & Casualty Insurance,"Zurich, Switzerland",2010-07-15,896159,1985,59783000000.0,10310000000.0,14488999936.0,,12816000000.0,
MCO,Moody's Corporation,Financials,Financial Exchanges & Data,"New York City, New York",1998-07-01,1059556,1909,7718000000.0,2459000000.0,3814000128.0,2205000000.0,2901000000.0,2575000000.0
NTRS,Northern Trust,Financials,Asset Management & Custody Banks,"Chicago, Illinois",1998-01-30,73124,1889,8086400000.0,1736900000.0,,,5533500000.0,4759300000.0
CBOE,Cboe Global Markets,Financials,Financial Exchanges & Data,"Chicago, Illinois",2017-03-01,1374310,1973,4714200000.0,1100000000.0,1784199936.0,2059100000.0,1752600000.0,1681600000.0
MS,Morgan Stanley,Financials,Investment Banking & Brokerage,"New York City, New York",1993-07-29,895421,1935,65966000000.0,16861000000.0,,,-17889000000.0,-20787000000.0
FITB,Fifth Third Bancorp,Financials,Regional Banks,"Cincinnati, Ohio",1996-03-29,35527,1858,8821000000.0,2522000000.0,,,4514000000.0,3805000000.0
MSCI,MSCI Inc.,Financials,Financial Exchanges & Data,"New York City, New York",2018-04-04,1408198,1969,3134459000.0,1202305000.0,1898999040.0,-184944000.0,1588446000.0,1458585000.0
BAC,Bank of America,Financials,Diversified Banks,"Charlotte, North Carolina",1976-06-30,70858,1998 (1923 / 1874),113097000000.0,30509000000.0,,,12613000000.0,
MTB,M&T Bank,Financials,Regional Banks,"Buffalo, New York",2004-02-23,36270,1856,9632000000.0,2851000000.0,,,3003000000.0,2860000000.0
MET,MetLife,Financials,Life & Health Insurance,"New York City, New York",2000-12-11,1099219,1868,75654000000.0,3379000000.0,5943000064.0,,17092000000.0,
COF,Capital One,Financials,Consumer Finance,"Tysons Corner, Virginia",1998-07-01,927628,1994,53434000000.0,2453000000.0,,,27718000000.0,26140000000.0
NDAQ,"Nasdaq, Inc.",Financials,Financial Exchanges & Data,"New York City, New York",2008-10-22,1120193,1971,8262000000.0,1788000000.0,3216000000.0,42000000.0,2255000000.0,1989000000.0
FIS,Fidelity National Information Services,Financials,Transaction & Payment Processing Services,"Jacksonville, Florida",2006-11-10,1136893,1968,10677000000.0,382000000.0,3308000000.0,-3128000000.0,2816000000.0,1827000000.0
PRU,Prudential Financial,Financials,Life & Health Insurance,"Newark, New Jersey",2002-07-22,1137774,1875,60967000000.0,3576000000.0,5103249920.0,,6271000000.0,
ICE,Intercontinental Exchange,Financials,Financial Exchanges & Data,"Atlanta, Georgia",2007-09-26,1571949,2000,12640000000.0,3315000000.0,6624000000.0,1662000000.0,4662000000.0,3871000000.0
CPAY,Corpay,Financials,Transaction & Payment Processing Services,"Atlanta, Georgia",2018-06-20,1175454,2000,4528403000.0,1069826000.0,2550661120.0,-333437000.0,1499901000.0,1299145000.0
RF,Regions Financial Corporation,Financials,Regional Banks,"Birmingham, Alabama",1998-08-28,1281761,1971,7526000000.0,2156000000.0,,,2181000000.0,2151000000.0
PGR,Progressive Corporation,Financials,Property & Casualty Insurance,"Mayfield Village, Ohio",1997-08-04,80661,1937,87637000000.0,11308000000.0,15148999680.0,,17548000000.0,17200000000.0
HOOD,Robinhood Markets,Financials,Investment Banking & Brokerage,"Menlo Park, California",2025-09-22,1783879,2013,4473000000.0,1883000000.0,,7534000000.0,1638000000.0,1584000000.0
BRK.B,Berkshire Hathaway,Financials,Multi-Sector Holdings,"Omaha, Nebraska",2010-02-16,1067983,1839,,,,,,
BNY,BNY Mellon,Financials,Asset Management & Custody Banks,"New York City, New York",1995-03-31,1390777,1784,19759000000.0,5549000000.0,,,6730000000.0,5177000000.0
RJF,Raymond James Financial,Financials,Investment Banking & Brokerage,"St. Petersburg, Florida",2017-03-20,720005,1962,13842000000.0,2135000000.0,,,2434000000.0,2246000000.0
PYPL,PayPal,Financials,Transaction & Payment Processing Services,"San Jose, California",2015-07-20,1633917,1998,33172000000.0,5233000000.0,6572000256.0,13316000000.0,6416000000.0,5564000000.0
SPGI,S&P Global,Financials,Financial Exchanges & Data,"New York City, New York",1957-03-04,64040,1917,15336000000.0,4471000000.0,7872999936.0,-1341000000.0,5651000000.0,5456000000.0
CINF,Cincinnati Financial,Financials,Property & Casualty Insurance,"Fairfield, Ohio",1997-12-18,20286,1950,12631000000.0,2393000000.0,3648000000.0,,3112000000.0,3092000000.0
PFG,Principal Financial Group,Financials,Life & Health Insurance,"Des Moines, Iowa",2002-07-22,1126328,1879,15625500000.0,1185100000.0,2187099904.0,,4536700000.0,4438700000.0
CME,CME Group,Financials,Financial Exchanges & Data,"Chicago, Illinois",2006-08-11,1156375,1848,6520600000.0,4072200000.0,4792500224.0,5062600000.0,4277100000.0,4193600000.0
SYF,Synchrony Financial,Financials,Consumer Finance,"Stamford, Connecticut",2015-11-18,1601712,2003,14981000000.0,3552000000.0,,,9851000000.0,
BRO,Brown & Brown,Financials,Insurance Brokers,"Daytona Beach, Florida",2021-09-20,79282,1939,5763000000.0,1054000000.0,2486000128.0,320000000.0,1450000000.0,1382000000.0
SCHW,Charles Schwab Corporation,Financials,Investment Banking & Brokerage,"Westlake, Texas",1997-06-02,316709,1971,23921000000.0,8852000000.0,,,9311000000.0,8763000000.0
XYZ,"Block, Inc.",Financials,Transaction & Payment Processing Services,none,2025-07-23,1512673,2009,24193683000.0,1305636000.0,1575778944.0,12472420000.0,2579714000.0,2424676000.0
BX,Blackstone Inc.,Financials,Asset Management & Custody Banks,"New York City, New York",2023-09-18,1393818,1985,12410012000.0,3019214000.0,,,4663161000.0,4547458000.0
C,Citigroup,Financials,Diversified Banks,"New York City, New York",1988-05-31,831001,1998,85213000000.0,14306000000.0,,,-67632000000.0,-74152000000.0
STT,State Street Corporation,Financials,Asset Management & Custody Banks,"Boston, Massachusetts",2003-03-14,93751,1792,13965000000.0,2945000000.0,,,11898000000.0,10843000000.0
BLK,BlackRock,Financials,Asset Management & Custody Banks,"New York City, New York",2011-04-04,2012383,1988,24216000000.0,5553000000.0,10341000192.0,25684000000.0,3927000000.0,3552000000.0
CFG,Citizens Financial Group,Financials,Regional Banks,"Providence, Rhode Island",2016-01-29,759944,1828,8247000000.0,1831000000.0,,,2211000000.0,2037000000.0
TROW,T. Rowe Price,Financials,Asset Management & Custody Banks,"Baltimore, Maryland",2019-07-29,1113169,1937,7314800000.0,2087100000.0,2928600064.0,3901800000.0,1753400000.0,1479200000.0
A,Agilent Technologies,Health Care,Life Sciences Tools & Services,"Santa Clara, California",2000-06-05,1090872,1999,6948000000.0,1303000000.0,2015000064.0,2247000000.0,1559000000.0,1152000000.0
MDT,Medtronic,Health Care,Health Care Equipment,"Galway, Ireland",1986-10-31,1613103,1949,33537000000.0,4662000000.0,10081000448.0,10935000000.0,7044000000.0,5185000000.0
CAH,Cardinal Health,Health Care,Health Care Distributors,"Dublin, Ohio",1997-05-27,721371,1971,222578000000.0,1561000000.0,3993999872.0,-2524000000.0,2397000000.0,1850000000.0
ZBH,Zimmer Biomet,Health Care,Health Care Equipment,"Warsaw, Indiana",2001-08-07,1136869,1927,8231500000.0,705100000.0,2580999936.0,2536200000.0,1697100000.0,1420200000.0
WAT,Waters Corporation,Health Care,Life Sciences Tools & Services,"Milford, Massachusetts",2002-01-02,1000697,1958,3165286000.0,642629000.0,1135047936.0,908146000.0,652555000.0,539810000.0
CVS,CVS Health,Health Care,Health Care Services,"Woonsocket, Rhode Island",1957-03-04,64803,1996,402067000000.0,1768000000.0,15411999744.0,-13978000000.0,10639000000.0,7807000000.0
HUM,Humana,Health Care,Managed Health Care,"Louisville, Kentucky",2012-12-10,49071,1961,129664000000.0,1188000000.0,3361999872.0,,921000000.0,375000000.0
DGX,Quest Diagnostics,Health Care,Health Care Services,"Secaucus, New Jersey",2002-12-12,1022079,1967,11035000000.0,992000000.0,2225999872.0,100000000.0,1886000000.0,1359000000.0
REGN,Regeneron Pharmaceuticals,Health Care,Biotechnology,"Tarrytown, New York",2013-05-01,872589,1988,14342900000.0,4504900000.0,4382799872.0,13653500000.0,4978900000.0,3765200000.0
ALGN,Align Technology,Health Care,Health Care Supplies,"Tempe, Arizona",2017-06-19,1097149,1997,4034964000.0,410351000.0,890456000.0,696547000.0,593223000.0,490778000.0
PFE,Pfizer,Health Care,Pharmaceuticals,"New York City, New York",1957-03-04,78003,1849,62579000000.0,7771000000.0,25460000768.0,5914000000.0,11704000000.0,9075000000.0
WST,West Pharmaceutical Services,Health Care,Health Care Supplies,"Exton, Pennsylvania",2020-05-22,105770,1923,3074100000.0,493700000.0,869900032.0,1323300000.0,754800000.0,468900000.0
TMO,Thermo Fisher Scientific,Health Care,Life Sciences Tools & Services,"Waltham, Massachusetts",2004-08-03,97745,2006 (1902),44557000000.0,6704000000.0,11296000000.0,13518000000.0,7818000000.0,6293000000.0
DHR,Danaher Corporation,Health Care,Life Sciences Tools & Services,"Washington, D.C.",1998-11-18,313616,1969,24568000000.0,3614000000.0,7935000064.0,5949000000.0,6416000000.0,5260000000.0
MTD,Mettler Toledo,Health Care,Life Sciences Tools & Services,"Columbus, Ohio",2016-09-06,1037646,1945,4026399000.0,869193000.0,1217576960.0,164551000.0,955772000.0,848648000.0
HCA,HCA Healthcare,Health Care,Health Care Facilities,"Nashville, Tennessee",2015-01-27,860730,1968,75600000000.0,6784000000.0,15566000128.0,-567000000.0,12636000000.0,7692000000.0
HSIC,Henry Schein,Health Care,Health Care Distributors,"Melville, New York",2015-03-17,1000228,1932,13184000000.0,398000000.0,1048000000.0,1236000000.0,712000000.0,521000000.0
ISRG,Intuitive Surgical,Health Care,Health Care Equipment,"Sunnyvale, California",2008-06-02,1035267,1995,10064700000.0,,3885600000.0,7773300000.0,3030500000.0,2490700000.0
STE,Steris,Health Care,Health Care Equipment,"Dublin, Ireland",2019-12-23,1757898,1985,5935900000.0,782300000.0,1597900032.0,1249600000.0,1341400000.0,972400000.0
IQV,IQVIA,Health Care,Life Sciences Tools & Services,"Durham, North Carolina",2017-08-29,1478242,1982,16310000000.0,1360000000.0,3000999936.0,-2089000000.0,2654000000.0,2051000000.0
IDXX,Idexx Laboratories,Health Care,Health Care Equipment,"Westbrook, Maine",2017-01-05,874716,1983,4303702000.0,1059464000.0,1545885952.0,265013000.0,1181805000.0,1043579000.0
UNH,UnitedHealth Group,Health Care,Managed Health Care,"Eden Prairie, Minnesota",1994-07-01,731766,1977,447567000000.0,12056000000.0,21464000512.0,-24315000000.0,19697000000.0,16075000000.0
UHS,Universal Health Services,Health Care,Health Care Facilities,"King of Prussia, Pennsylvania",2014-09-20,352915,1979,17364829000.0,1488796000.0,2667874048.0,168314000.0,1864397000.0,824550000.0
MCK,McKesson Corporation,Health Care,Health Care Distributors,"Irving, Texas",1999-01-13,927653,1833,403430000000.0,4762000000.0,6883999744.0,-9807000000.0,6155000000.0,5410000000.0
JNJ,Johnson & Johnson,Health Care,Pharmaceuticals,"New Brunswick, New Jersey",1973-06-30,200406,1886,94193000000.0,26804000000.0,34325000192.0,1498000000.0,24530000000.0,19313000000.0
CNC,Centene Corporation,Health Care,Managed Health Care,"St. Louis, Missouri",2016-03-30,1071739,1984,194777000000.0,-6674000000.0,2904999936.0,3674000000.0,5088000000.0,4321000000.0
INCY,Incyte,Health Care,Biotechnology,"Wilmington, Delaware",2017-02-28,879169,1991,5141242000.0,1286650000.0,1548935040.0,3508732000.0,1413498000.0,1329631000.0
ABT,Abbott Laboratories,Health Care,Health Care Equipment,"North Chicago, Illinois",1957-03-04,1800,1888,44328000000.0,6524000000.0,11744000000.0,9500000000.0,9566000000.0,7395000000.0
PODD,Insulet Corporation,Health Care,Health Care Equipment,"Acton, Massachusetts",2023-03-15,1145197,2000,2708100000.0,247100000.0,602000000.0,1233900000.0,569300000.0,349900000.0
VTRS,Viatris,Health Care,Pharmaceuticals,"Pittsburgh, Pennsylvania",2004-04-23,1792044,1961,14299900000.0,-3514900000.0,4125199872.0,2694900000.0,2315900000.0,1850800000.0
SYK,Stryker Corporation,Health Care,Health Care Equipment,"Kalamazoo, Michigan",2000-12-12,310764,1941,25116000000.0,3246000000.0,6918000128.0,6961000000.0,5044000000.0,4283000000.0
MRNA,Moderna,Health Care,Biotechnology,"Cambridge, Massachusetts",2021-07-21,1682852,2010,1922000000.0,-2822000000.0,-2299000064.0,4557000000.0,-1873000000.0,-2075000000.0
CRL,Charles River Laboratories,Health Care,Life Sciences Tools & Services,"Wilmington, Massachusetts",2021-05-14,1100682,1947,4015382000.0,-144338000.0,889624000.0,326734000.0,737646000.0,518494000.0
LLY,Lilly (Eli),Health Care,Pharmaceuticals,"Indianapolis, Indiana",1970-12-31,59478,1876,65179000000.0,20640000000.0,36215001088.0,20401000000.0,16813000000.0,5964000000.0
GEHC,GE HealthCare,Health Care,Health Care Equipment,"Chicago, Illinois",2023-01-04,1932393,1994,20625000000.0,2084000000.0,3521999872.0,3396000000.0,1987000000.0,1505000000.0
TECH,Bio-Techne,Health Care,Life Sciences Tools & Services,"Minneapolis, Minnesota",2021-08-30,842023,1976,1219635000.0,73400000.0,366044992.0,432451000.0,287556000.0,256550000.0
COR,Cencora,Health Care,Health Care Distributors,"Conshohocken, Pennsylvania",2001-08-30,1140859,1985,321332819000.0,1554169000.0,5300438016.0,-5581466000.0,3875120000.0,3207139000.0
BSX,Boston Scientific,Health Care,Health Care Equipment,"Marlborough, Massachusetts",1995-02-24,885725,1979,20074000000.0,2898000000.0,5500000256.0,3355000000.0,4534000000.0,3404000000.0
CI,Cigna,Health Care,Health Care Services,"Bloomfield, Connecticut",1976-06-30,1739940,1982,273854000000.0,5957000000.0,13390000128.0,-8528000000.0,9601000000.0,8389000000.0
RMD,ResMed,Health Care,Health Care Equipment,"San Diego, California",2017-07-26,943819,1989,5146327000.0,1400723000.0,2119501056.0,2486485000.0,1751588000.0,1650946000.0
AMGN,Amgen,Health Care,Biotechnology,"Thousand Oaks, California",1992-01-02,318154,1980,36751000000.0,7711000000.0,16917999616.0,3568000000.0,9958000000.0,8100000000.0
MRK,Merck & Co.,Health Care,Pharmaceuticals,"Kenilworth, New Jersey",1957-03-04,310158,1891,65011000000.0,18254000000.0,29517000704.0,15189000000.0,16472000000.0,12360000000.0
BIIB,Biogen,Health Care,Biotechnology,"Cambridge, Massachusetts",2003-11-13,875045,1978,9890600000.0,1292900000.0,3539599872.0,5624700000.0,2204600000.0,1969200000.0
ELV,Elevance Health,Health Care,Managed Health Care,"Indianapolis, Indiana",2002-07-25,1156039,2014 (1946),199125000000.0,5662000000.0,8541000192.0,,4290000000.0,3174000000.0
VEEV,Veeva Systems,Health Care,Health Care Technology,"Pleasanton, California",2026-05-07,1393052,2007,3195311000.0,908906000.0,1026113024.0,6360574000.0,1415225000.0,
EW,Edwards Lifesciences,Health Care,Health Care Equipment,"Irvine, California",2011-04-01,1099800,1958,6067600000.0,1073500000.0,1903600000.0,4925200000.0,1595200000.0,1335000000.0
RVTY,Revvity,Health Care,Health Care Equipment,"Waltham, Massachusetts",1985-05-31,31791,1937,2856051000.0,241201000.0,855235008.0,908501000.0,582933000.0,509411000.0
BDX,Becton Dickinson,Health Care,Health Care Equipment,"Franklin Lakes, New Jersey",1972-09-30,10795,1897,21840000000.0,1678000000.0,6157000192.0,942000000.0,3431000000.0,2671000000.0
VRTX,Vertex Pharmaceuticals,Health Care,Biotechnology,"Boston, Massachusetts",2013-09-23,875320,1989,12001300000.0,3953200000.0,4981199872.0,7339800000.0,3631400000.0,3193800000.0
DXCM,Dexcom,Health Care,Health Care Equipment,"San Diego, California",2020-05-12,1093557,1999,4662000000.0,836300000.0,1292300032.0,1890800000.0,1440700000.0,1077200000.0
ABBV,AbbVie,Health Care,Biotechnology,"North Chicago, Illinois",2012-12-31,1551152,2013 (1888),61160000000.0,4226000000.0,29915000832.0,-14227000000.0,19030000000.0,17816000000.0
GILD,Gilead Sciences,Health Care,Biotechnology,"Foster City, California",2004-07-01,882095,1987,29442000000.0,8510000000.0,14737999872.0,6529000000.0,10019000000.0,9456000000.0
BMY,Bristol Myers Squibb,Health Care,Pharmaceuticals,"New York City, New York",1957-03-04,14272,1989 (1887),48195000000.0,7054000000.0,18973999104.0,5973000000.0,14156000000.0,12845000000.0
BAX,Baxter International,Health Care,Health Care Equipment,"Deerfield, Illinois",1972-09-30,10456,1931,11244000000.0,-957000000.0,1908999936.0,3902000000.0,845000000.0,323000000.0
DVA,DaVita,Health Care,Health Care Services,"Denver, Colorado",2008-07-31,927066,1979,13643069000.0,746803000.0,2792761088.0,916369000.0,1886500000.0,1310636000.0
ZTS,Zoetis,Health Care,Pharmaceuticals,"Parsippany, New Jersey",2013-06-21,1555280,1952,9467000000.0,2673000000.0,4073999872.0,4533000000.0,2904000000.0,2283000000.0
SOLV,Solventum,Health Care,Health Care Technology,"Saint Paul, Minnesota",2024-04-01,1964738,2023,8325000000.0,1556000000.0,1124000000.0,723000000.0,369000000.0,-10000000.0
LH,Labcorp,Health Care,Health Care Services,"Burlington, North Carolina",2004-11-01,920148,1978,13951700000.0,876500000.0,2252999936.0,1197000000.0,1640500000.0,1206000000.0
COO,Cooper Companies (The),Health Care,Health Care Supplies,"San Ramon, California",2016-09-23,711404,1958,4092400000.0,374900000.0,886400000.0,993600000.0,796100000.0,433700000.0
FIX,Comfort Systems USA,Industrials,Construction & Engineering,"Houston, Texas",2025-12-22,1035983,1997,9101641000.0,1022558000.0,1736283008.0,716703000.0,1186356000.0,1031453000.0
IEX,IDEX Corporation,Industrials,Industrial Machinery & Supplies & Components,"Northbrook, Illinois",2019-08-09,832101,1988,3457500000.0,483200000.0,951600000.0,1067800000.0,680400000.0,616800000.0
LDOS,Leidos,Industrials,Diversified Support Services,"Reston, Virginia",2019-08-09,1336920,1969,17174000000.0,1448000000.0,2404000000.0,1987000000.0,1750000000.0,1625000000.0
MMM,3M,Industrials,Industrial Conglomerates,"Saint Paul, Minnesota",1957-03-04,66740,1902,24948000000.0,3250000000.0,6240000000.0,6792000000.0,2306000000.0,1396000000.0
DOV,Dover Corporation,Industrials,Industrial Machinery & Supplies & Components,"Downers Grove, Illinois",1985-10-31,29905,1955,8092571000.0,1093956000.0,1865912960.0,1988451000.0,1333575000.0,1113312000.0
FDX,FedEx,Industrials,Air Freight & Logistics,"Memphis, Tennessee",1980-12-31,1048911,1971,87926000000.0,4092000000.0,11559999488.0,2975000000.0,7036000000.0,2981000000.0
ADP,Automatic Data Processing,Industrials,Human Resource & Employment Services,"Roseland, New Jersey",1981-03-31,8670,1949,20560900000.0,4079700000.0,6339899904.0,1973900000.0,4939700000.0,4392700000.0
CPRT,Copart,Industrials,Diversified Support Services,"Dallas, Texas",2018-07-02,900075,1982,4646958000.0,1552449000.0,1961246976.0,5071347000.0,1799750000.0,1230760000.0
NDSN,Nordson Corporation,Industrials,Industrial Machinery & Supplies & Components,"Westlake, Ohio",2022-02-15,72331,1935,2791687000.0,484474000.0,911212992.0,484591000.0,719175000.0,661115000.0
OTIS,Otis Worldwide,Industrials,Industrial Machinery & Supplies & Components,"Farmington, Connecticut",2020-04-03,1781335,"2020 (1853, United Technologies spinoff)",14431000000.0,1384000000.0,2492999936.0,-1155000000.0,1596000000.0,1444000000.0
ODFL,Old Dominion,Industrials,Cargo Ground Transportation,"Thomasville, North Carolina",2019-12-09,878927,1934,5496389000.0,1023703000.0,1708194944.0,210927000.0,1370133000.0,955099000.0
NOC,Northrop Grumman,Industrials,Aerospace & Defense,"West Falls Church, Virginia[3]",1957-03-04,1133421,"1994 (Northrop 1939, Grumman 1930)",41954000000.0,4182000000.0,7306999808.0,1405000000.0,4757000000.0,3307000000.0
CSX,CSX Corporation,Industrials,Rail Transportation,"Jacksonville, Florida",1957-03-04,277948,1980,14092000000.0,2889000000.0,6624999936.0,-583000000.0,4613000000.0,1711000000.0
NSC,Norfolk Southern,Industrials,Rail Transportation,"Atlanta, Georgia",1957-03-04,702165,1881/1894 (1980),12180000000.0,2873000000.0,5586999808.0,-577000000.0,4361000000.0,2157000000.0
DE,Deere & Company,Industrials,Agricultural & Farm Machinery,"Moline, Illinois",1957-03-04,315189,1837,44665000000.0,5027000000.0,8613999616.0,42447000000.0,7459000000.0,3231000000.0
CTAS,Cintas,Industrials,Diversified Support Services,"Mason, Ohio",2001-03-01,723254,1929,10340181000.0,1812281000.0,2903095040.0,1791667000.0,2165905000.0,1757021000.0
PCAR,Paccar,Industrials,Construction Machinery & Heavy Transportation Equipment,"Bellevue, Washington",1980-12-31,75362,1905,28444800000.0,2375800000.0,3222000128.0,23187500000.0,4415800000.0,3029200000.0
TT,Trane Technologies,Industrials,Building Products,"Dublin, Ireland",2010-11-17,1466258,1871,21321900000.0,2918600000.0,4233400064.0,1576300000.0,3194500000.0,2811500000.0
BA,Boeing,Industrials,Aerospace & Defense,"Arlington, Virginia",1957-03-04,12927,1916,89463000000.0,2235000000.0,-3259000064.0,20344000000.0,1065000000.0,-1886000000.0
RSG,Republic Services,Industrials,Environmental & Facilities Services,"Phoenix, Arizona",2008-12-05,1060391,1998 (1981),16591000000.0,2139000000.0,5194999808.0,-1405000000.0,4296000000.0,2409000000.0
LUV,Southwest Airlines,Industrials,Passenger Airlines,"Dallas, Texas",1994-07-01,92380,1967,28063000000.0,441000000.0,2212999936.0,-5276000000.0,1842000000.0,-831000000.0
CARR,Carrier Global,Industrials,Building Products,"Palm Beach Gardens, Florida",2020-04-03,1783180,"2020 (1915, United Technologies spinoff)",21747000000.0,1484000000.0,3140999936.0,1419000000.0,2513000000.0,2121000000.0
AOS,A. O. Smith,Industrials,Building Products,"Milwaukee, Wisconsin",2017-07-26,91142,1916,3830200000.0,546200000.0,795299968.0,429000000.0,616800000.0,546000000.0
XYL,Xylem Inc.,Industrials,Industrial Machinery & Supplies & Components,"White Plains, New York",2011-11-01,1524472,2011,9035000000.0,957000000.0,1912000000.0,1785000000.0,1241000000.0,910000000.0
GE,GE Aerospace,Industrials,Aerospace & Defense,"Evendale, Ohio",1957-03-04,40545,1892,45855000000.0,8704000000.0,11036999680.0,1614000000.0,8537000000.0,7264000000.0
WAB,Wabtec,Industrials,Construction Machinery & Heavy Transportation Equipment,"Pittsburgh, Pennsylvania",2019-02-27,943452,1999 (1869),11167000000.0,1170000000.0,2520000000.0,544000000.0,1759000000.0,1499000000.0
GWW,W. W. Grainger,Industrials,Industrial Machinery & Supplies & Components,"Lake Forest, Illinois",1981-06-30,277135,1927,17942000000.0,1706000000.0,3084999936.0,3544000000.0,2015000000.0,1331000000.0
ALLE,Allegion,Industrials,Building Products,"Dublin, Ireland",2013-12-02,1579241,1908,4067300000.0,643800000.0,1010600000.0,636400000.0,783800000.0,685700000.0
VRT,Vertiv,Industrials,Electrical Components & Equipment,"Westerville, Ohio",2026-03-23,1674101,2016,10229900000.0,1332800000.0,2383000064.0,2412500000.0,2113800000.0,1887400000.0
VRSK,Verisk Analytics,Industrials,Research & Consulting Services,"Jersey City, New Jersey",2015-10-08,1442145,1971,3072700000.0,908300000.0,1508099968.0,465100000.0,1436000000.0,1191900000.0
VLTO,Veralto,Industrials,Environmental & Facilities Services,"Waltham, Massachusetts",2023-10-02,1967680,2023,5503000000.0,940000000.0,1378000000.0,1376000000.0,1077000000.0,1014000000.0
URI,United Rentals,Industrials,Trading Companies & Distributors,"Stamford, Connecticut",2014-09-20,1067701,1997,16099000000.0,2494000000.0,4546999808.0,-211000000.0,5190000000.0,662000000.0
UPS,United Parcel Service,Industrials,Air Freight & Logistics,"Sandy Springs, Georgia",2002-07-22,1090727,1907,88661000000.0,5572000000.0,11834000384.0,3425000000.0,8450000000.0,4765000000.0
UAL,United Airlines Holdings,Industrials,Passenger Airlines,"Chicago, Illinois",2015-09-03,100517,1967,59070000000.0,3353000000.0,7885000192.0,-9276000000.0,8431000000.0,2557000000.0
UNP,Union Pacific Corporation,Industrials,Rail Transportation,"Omaha, Nebraska",1957-03-04,100885,1862,24510000000.0,7138000000.0,12586000384.0,-459000000.0,9290000000.0,5499000000.0
CAT,Caterpillar Inc.,Industrials,Construction Machinery & Heavy Transportation Equipment,"Irving, Texas",1957-03-04,18230,1925,67589000000.0,8884000000.0,14556999680.0,15927000000.0,11739000000.0,7453000000.0
AME,Ametek,Industrials,Electrical Components & Equipment,"Berwyn, Pennsylvania",2013-09-23,1037868,1930,7401116000.0,1480142000.0,2420284928.0,177090000.0,1801763000.0,1671515000.0
EMR,Emerson Electric,Industrials,Electrical Components & Equipment,"Ferguson, Missouri",1965-03-31,32604,1890,18016000000.0,2293000000.0,5874999808.0,-1214000000.0,3098000000.0,2667000000.0
J,Jacobs Solutions,Industrials,Construction & Engineering,"Dallas, Texas",2007-10-26,52988,1947,12029783000.0,289336000.0,1025032000.0,1008420000.0,686704000.0,607472000.0
PWR,Quanta Services,Industrials,Construction & Engineering,"Houston, Texas",2009-07-01,1050915,1997,28479697000.0,1028378000.0,2659121920.0,1187219000.0,2229970000.0,1620816000.0
DAL,Delta Air Lines,Industrials,Passenger Airlines,"Atlanta, Georgia",2013-09-11,27904,1929,63364000000.0,5005000000.0,7775000064.0,-16656000000.0,8342000000.0,3843000000.0
ROK,Rockwell Automation,Industrials,Electrical Components & Equipment,"Milwaukee, Wisconsin",2000-03-12,1024478,1903,8342000000.0,869000000.0,1968999936.0,466000000.0,1544000000.0,1358000000.0
JCI,Johnson Controls,Industrials,Building Products,"Cork, Ireland",2010-08-27,833444,1885,23596000000.0,3291000000.0,4320000000.0,-779000000.0,1399000000.0,965000000.0
AXON,Axon Enterprise,Industrials,Aerospace & Defense,"Scottsdale, Arizona",2023-05-04,1069183,1993,2779536000.0,124656000.0,102861000.0,2242905000.0,211339000.0,75081000.0
SWK,Stanley Black & Decker,Industrials,Industrial Machinery & Supplies & Components,"New Britain, Connecticut",1982-09-30,93556,1843,15130400000.0,401900000.0,1671500032.0,733300000.0,971200000.0,687900000.0
BLDR,Builders FirstSource,Industrials,Building Products,"Irving, Texas",2023-12-18,1316835,1998,15190638000.0,435199000.0,1207911936.0,1352342000.0,1215886000.0,853284000.0
SNA,Snap-on,Industrials,Industrial Machinery & Supplies & Components,"Kenosha, Wisconsin",1982-09-30,91440,1920,5156100000.0,1016900000.0,1403900032.0,3484300000.0,1081700000.0,1005700000.0
CHRW,C.H. Robinson,Industrials,Air Freight & Logistics,"Eden Prairie, Minnesota",2007-03-02,1043277,1905,16232763000.0,587081000.0,887430976.0,966841000.0,914519000.0,843976000.0
ROL,"Rollins, Inc.",Industrials,Environmental & Facilities Services,"Atlanta, Georgia",2018-10-01,84839,1948,3761050000.0,526705000.0,860139008.0,-312843000.0,678107000.0,650021000.0
BR,Broadridge Financial Solutions,Industrials,Data Processing & Outsourced Services,"Lake Success, New York",2018-06-18,1383312,1962,6889100000.0,839500000.0,1761900032.0,-44200000.0,1171300000.0,1056400000.0
UBER,Uber,Industrials,Passenger Ground Transportation,"San Francisco, California",2023-12-18,1543151,2009,52017000000.0,10053000000.0,7020000256.0,1673000000.0,10099000000.0,9763000000.0
WM,Waste Management,Industrials,Environmental & Facilities Services,"Houston, Texas",1998-08-31,823768,1968,25204000000.0,2708000000.0,7662000128.0,-614000000.0,6043000000.0,2816000000.0
TDG,TransDigm Group,Industrials,Aerospace & Defense,"Cleveland, Ohio",2016-06-03,1260221,1993,8831000000.0,2074000000.0,4850999808.0,4830000000.0,2038000000.0,1816000000.0
RTX,RTX Corporation,Industrials,Aerospace & Defense,"Waltham, Massachusetts",1957-03-04,101829,1922,88603000000.0,6732000000.0,15262999552.0,1548000000.0,10567000000.0,7448000000.0
PH,Parker Hannifin,Industrials,Industrial Machinery & Supplies & Components,"Cleveland, Ohio",1985-11-30,76334,1917,19850000000.0,3531000000.0,5479000064.0,1131000000.0,3776000000.0,3341000000.0
PAYX,Paychex,Industrials,Human Resource & Employment Services,"Penfield, New York",1998-10-01,723531,1971,5571700000.0,1657300000.0,1608000000.0,1960200000.0,1900900000.0,1709100000.0
HON,Honeywell,Industrials,Industrial Conglomerates,"Charlotte, North Carolina",1957-03-04,773840,1906,37442000000.0,4729000000.0,8526000128.0,6973000000.0,6408000000.0,5422000000.0
JBHT,J.B. Hunt,Industrials,Cargo Ground Transportation,"Lowell, Arkansas",2015-07-01,728535,1961,11999096000.0,598282000.0,1608156032.0,-331153000.0,1678272000.0,947585000.0
FTV,Fortive,Industrials,Industrial Machinery & Supplies & Components,"Everett, Washington",2016-07-01,1659166,2016,4159100000.0,579200000.0,1190200064.0,-640900000.0,1083200000.0,
TXT,Textron,Industrials,Aerospace & Defense,"Providence, Rhode Island",1978-12-31,217346,1923,14799000000.0,921000000.0,1684000000.0,4219000000.0,1312000000.0,929000000.0
PNR,Pentair,Industrials,Industrial Machinery & Supplies & Components,"Worsley, United Kingdom",2012-10-01,77360,1966,4176000000.0,653800000.0,1100499968.0,582500000.0,814800000.0,746000000.0
FAST,Fastenal,Industrials,Trading Companies & Distributors,"Winona, Minnesota",2008-09-15,815556,1967,8200500000.0,1258400000.0,1888499968.0,2756500000.0,1295900000.0,1050600000.0
GEV,GE Vernova,Industrials,Heavy Electrical Equipment,"Cambridge, Massachusetts",2024-04-02,1996810,2024,38068000000.0,4884000000.0,3415000064.0,-756000000.0,4987000000.0,3710000000.0
LMT,Lockheed Martin,Industrials,Aerospace & Defense,"Bethesda, Maryland",1957-03-04,936468,1995,75048000000.0,5017000000.0,7994999808.0,2027000000.0,8557000000.0,6908000000.0
GNRC,Generac,Industrials,Electrical Components & Equipment,"Waukesha, Wisconsin",2021-03-22,1474735,1959,4209147000.0,159554000.0,527512000.0,1247132000.0,437978000.0,268128000.0
MAS,Masco,Industrials,Building Products,"Livonia, Michigan",1981-06-30,62996,1929,7562000000.0,810000000.0,1448000000.0,1267000000.0,1022000000.0,866000000.0
EFX,Equifax,Industrials,Research & Consulting Services,"Atlanta, Georgia",1997-06-19,33185,1899,6074500000.0,660300000.0,1928899968.0,-923200000.0,1615700000.0,1134300000.0
GD,General Dynamics,Industrials,Aerospace & Defense,"Reston, Virginia",1957-03-04,40533,1899,52550000000.0,4210000000.0,6487000064.0,7452000000.0,5120000000.0,3959000000.0
IR,Ingersoll Rand,Industrials,Industrial Machinery & Supplies & Components,"Davidson, North Carolina",2020-03-03,1699150,1859,7650900000.0,581400000.0,2021799936.0,2181700000.0,1355700000.0,1220100000.0
EME,Emcor,Industrials,Construction & Engineering,"Norwalk, Connecticut",2025-09-22,105634,1994,16986422000.0,1272817000.0,1850836992.0,1072405000.0,1302063000.0,1189313000.0
ITW,Illinois Tool Works,Industrials,Industrial Machinery & Supplies & Components,"Glenview, Illinois",1986-02-28,49826,1912,16044000000.0,3066000000.0,4728000000.0,1074000000.0,3126000000.0,2707000000.0
LII,Lennox International,Industrials,Building Products,"Richardson, Texas",2024-12-23,1069202,1895,5195300000.0,805800000.0,1153799936.0,712000000.0,,
HWM,Howmet Aerospace,Industrials,Aerospace & Defense,"Pittsburgh, Pennsylvania",2016-10-21,4281,1888,8252000000.0,1508000000.0,2560999936.0,2008000000.0,1884000000.0,1431000000.0
EXPD,Expeditors International,Industrials,Air Freight & Logistics,"Seattle, Washington",2007-10-10,746515,1979,11069009000.0,810332000.0,1137555968.0,1682815000.0,1006501000.0,953400000.0
CMI,Cummins,Industrials,Construction Machinery & Heavy Transportation Equipment,"Columbus, Indiana",1965-03-31,26172,1919,33670000000.0,2843000000.0,5004000256.0,7315000000.0,3621000000.0,2386000000.0
HII,Huntington Ingalls Industries,Industrials,Aerospace & Defense,"Newport News, Virginia",2018-01-03,1501585,2011,12484000000.0,605000000.0,1134000000.0,406000000.0,1196000000.0,794000000.0
HUBB,Hubbell Incorporated,Industrials,Industrial Machinery & Supplies & Components,"Shelton, Connecticut",2023-10-18,48898,1888,5844600000.0,887100000.0,1466700032.0,1085300000.0,1029800000.0,874700000.0
LHX,L3Harris,Industrials,Aerospace & Defense,"Melbourne, Florida",2008-09-22,202058,"2019 (L3 1997, Harris 1895)",21865000000.0,1606000000.0,2146000000.0,1367000000.0,3106000000.0,2682000000.0
ETN,Eaton Corporation,Industrials,Electrical Components & Equipment,"Dublin, Ireland",1957-03-04,1551182,1911,27448000000.0,4087000000.0,6343000064.0,2985000000.0,4472000000.0,3553000000.0
INTU,Intuit,Information Technology,Application Software,"Mountain View, California",2000-12-05,896878,1983,18831000000.0,3869000000.0,6409999872.0,3737000000.0,6207000000.0,6083000000.0
TER,Teradyne,Information Technology,Semiconductor Materials & Equipment,"North Reading, Massachusetts",2020-09-21,97210,1960,3190024000.0,554047000.0,1161465984.0,834093000.0,674415000.0,450406000.0
JBL,Jabil,Information Technology,Electronic Manufacturing Services,"St. Petersburg, Florida",2023-12-18,898293,1966,29802000000.0,657000000.0,2376999936.0,6000000.0,1640000000.0,1172000000.0
ADSK,Autodesk,Information Technology,Application Software,"San Francisco, California",1989-12-01,769397,1982,7206000000.0,1124000000.0,2139000064.0,-866000000.0,2452000000.0,2376000000.0
CDW,CDW Corporation,Information Technology,Technology Distributors,"Vernon Hills, Illinois",2019-09-23,1402057,1984,22424100000.0,1066600000.0,1982200064.0,1274400000.0,1205200000.0,1088100000.0
PANW,Palo Alto Networks,Information Technology,Systems Software,"Santa Clara, California",2023-06-20,1327567,2005,9221500000.0,1133900000.0,1483500032.0,-465200000.0,3716000000.0,3469800000.0
COHR,Coherent Corp.,Information Technology,Electronic Components,"Saxonburg, Pennsylvania",2026-03-23,820318,1971,5810115000.0,49364000.0,1313731968.0,2132313000.0,633600000.0,192764000.0
ROP,Roper Technologies,Information Technology,Electronic Equipment & Instruments,"Sarasota, Florida",2009-12-23,882835,1981,7902500000.0,1536300000.0,3194700032.0,-1797500000.0,2540300000.0,2435600000.0
NXPI,NXP Semiconductors,Information Technology,Semiconductors,"Eindhoven, Netherlands",2021-03-22,1413447,1953,12269000000.0,2021000000.0,4160999936.0,4059000000.0,2820000000.0,2283000000.0
CRWD,CrowdStrike,Information Technology,Systems Software,"Austin, Texas",2024-06-24,1535527,2011,4812005000.0,-162502000.0,59319000.0,3234927000.0,1612349000.0,1241490000.0
ADI,Analog Devices,Information Technology,Semiconductors,"Wilmington, Massachusetts",1999-10-12,6281,1965,11019707000.0,2267342000.0,6149394944.0,3862260000.0,4812202000.0,4278650000.0
LRCX,Lam Research,Information Technology,Semiconductor Materials & Equipment,"Fremont, California",2012-06-29,707549,1980,18435591000.0,5358217000.0,7847764992.0,7948570000.0,6173264000.0,5414078000.0
CRM,Salesforce,Information Technology,Application Software,"San Francisco, California",2008-09-15,1108524,1999,41525000000.0,7457000000.0,12894999552.0,-8896000000.0,14996000000.0,14402000000.0
STX,Seagate Technology,Information Technology,"Technology Hardware, Storage & Peripherals","Dublin, Ireland",2012-07-02,1137789,1979,9097000000.0,1469000000.0,3513999872.0,1005000000.0,1083000000.0,818000000.0
KLAC,KLA Corporation,Information Technology,Semiconductor Materials & Equipment,"Milpitas, California",1997-09-30,319201,1975/1977 (1997),12156162000.0,4061643000.0,5850215936.0,6612994000.0,4081903000.0,3741694000.0
SNDK,Sandisk,Information Technology,"Technology Hardware, Storage & Peripherals","Milpitas, California",2025-11-28,2023554,1988,7355000000.0,-1641000000.0,5632000000.0,3659000000.0,84000000.0,-120000000.0
AVGO,Broadcom,Information Technology,Semiconductors,"Palo Alto, California",2014-05-08,1730168,1961,63887000000.0,23126000000.0,42083999744.0,13059000000.0,27537000000.0,26914000000.0
IT,Gartner,Information Technology,IT Consulting & Other Services,"Stamford, Connecticut",2017-04-05,749251,1979,6497226000.0,729231000.0,1336962944.0,-5755000.0,1290365000.0,1175223000.0
NOW,ServiceNow,Information Technology,Systems Software,"Santa Clara, California",2019-11-21,1373715,2003,13278000000.0,1748000000.0,2888000000.0,28000000.0,5444000000.0,4533000000.0
TDY,Teledyne Technologies,Information Technology,Electronic Equipment & Instruments,"Thousand Oaks, California",2020-06-22,1094285,1960,6115400000.0,894800000.0,1538300032.0,1195500000.0,1191300000.0,1074000000.0
ZBRA,Zebra Technologies,Information Technology,Electronic Equipment & Instruments,"Lincolnshire, Illinois",2019-12-23,877212,1969,5396000000.0,419000000.0,1026000000.0,-56000000.0,917000000.0,831000000.0
HPQ,HP Inc.,Information Technology,"Technology Hardware, Storage & Peripherals","Palo Alto, California",1974-12-31,47217,1939 (2015),55295000000.0,2529000000.0,4712000000.0,-6805000000.0,3697000000.0,2800000000.0
WDAY,"Workday, Inc.",Information Technology,Application Software,"Pleasanton, California",2024-12-23,1327811,2005,9552000000.0,693000000.0,1512000000.0,2051000000.0,2939000000.0,2777000000.0
ACN,Accenture,Information Technology,IT Consulting & Other Services,"Dublin, Ireland",2011-07-06,1467373,1989,69672977000.0,7678433000.0,12735312896.0,8548592000.0,11474399000.0,10874360000.0
ADBE,Adobe Inc.,Information Technology,Application Software,"San Jose, California",1997-05-05,796343,1982,23769000000.0,7130000000.0,9516000256.0,-37000000.0,10031000000.0,9852000000.0
WDC,Western Digital,Information Technology,"Technology Hardware, Storage & Peripherals","San Jose, California",2009-07-01,106040,1970,9520000000.0,1861000000.0,3928000000.0,438000000.0,1691000000.0,1279000000.0
FSLR,First Solar,Information Technology,Semiconductors,"Tempe, Arizona",2022-12-19,1274494,1999,5219376000.0,1528229000.0,2272688896.0,3774730000.0,2057105000.0,1187230000.0
AKAM,Akamai Technologies,Information Technology,Internet Services & Infrastructure,"Cambridge, Massachusetts",2007-07-12,1086222,1998,4208175000.0,452031000.0,1146972032.0,1319162000.0,1518765000.0,699265000.0
IBM,IBM,Information Technology,IT Consulting & Other Services,"Armonk, New York",1957-03-04,51143,1911,67536000000.0,10593000000.0,16611000320.0,-1714000000.0,13193000000.0,11455000000.0
GDDY,GoDaddy,Information Technology,Internet Services & Infrastructure,"Tempe, Arizona",2024-06-24,1609711,1997,4951100000.0,875000000.0,1311699968.0,-1154600000.0,1599400000.0,1575500000.0
VRSN,Verisign,Information Technology,Internet Services & Infrastructure,"Reston, Virginia",2006-02-01,1014473,1995,1656600000.0,825700000.0,1172099968.0,-680600000.0,1091100000.0,1068300000.0
INTC,Intel,Information Technology,Semiconductors,"Santa Clara, California",1976-12-31,50863,1968,52853000000.0,-267000000.0,14174000128.0,32113000000.0,9697000000.0,-4949000000.0
SMCI,Supermicro,Information Technology,"Technology Hardware, Storage & Peripherals","San Jose, California",2024-03-18,1375365,1993,21972042000.0,1048854000.0,1578648960.0,9956862000.0,1659524000.0,1532310000.0
FTNT,Fortinet,Information Technology,Systems Software,"Sunnyvale, California",2018-10-11,1262039,2000,6799600000.0,1853400000.0,2361400064.0,866200000.0,2590600000.0,2225800000.0
SNPS,Synopsys,Information Technology,Application Software,"Sunnyvale, California",2017-03-16,883241,1986,7054178000.0,1332220000.0,1696253056.0,2289608000.0,1518608000.0,1349154000.0
TYL,Tyler Technologies,Information Technology,Application Software,"Plano, Texas",2020-06-22,860731,1966,2332340000.0,315603000.0,454520000.0,88443000.0,653543000.0,620750000.0
ANET,Arista Networks,Information Technology,Communications Equipment,"Santa Clara, California",2018-08-28,1596532,2004,9005700000.0,3511400000.0,4237199872.0,11010500000.0,4371900000.0,4252400000.0
TRMB,Trimble Inc.,Information Technology,Application Software,"Westminster, Colorado",2021-01-21,864749,1978,3587300000.0,424000000.0,866899968.0,128500000.0,386200000.0,360900000.0
AAPL,Apple Inc.,Information Technology,"Technology Hardware, Storage & Peripherals","Cupertino, California",1982-11-30,320193,1977,416161000000.0,112010000000.0,159975997440.0,-17674000000.0,111482000000.0,98767000000.0
AMAT,Applied Materials,Information Technology,Semiconductor Materials & Equipment,"Santa Clara, California",1995-03-16,6951,1967,28368000000.0,6998000000.0,9274999808.0,12882000000.0,7958000000.0,5698000000.0
APP,AppLovin,Information Technology,Application Software,"Palo Alto, California",2025-09-22,1751008,2012,5480717000.0,3333764000.0,4872055808.0,3097004000.0,3971094000.0,3942776000.0
ORCL,Oracle Corporation,Information Technology,Application Software,"Austin, Texas",1989-08-31,1341439,1977,57399000000.0,12443000000.0,31737999360.0,-8064000000.0,20821000000.0,-394000000.0
AMD,Advanced Micro Devices,Information Technology,Semiconductors,"Santa Clara, California",2017-03-20,2488,1969,34639000000.0,4335000000.0,7430000128.0,17492000000.0,7709000000.0,6735000000.0
TEL,TE Connectivity,Information Technology,Electronic Manufacturing Services,"Galway, Ireland",2011-10-17,1385157,2007,17262000000.0,1842000000.0,4730999808.0,2846000000.0,4139000000.0,3203000000.0
TXN,Texas Instruments,Information Technology,Semiconductors,"Dallas, Texas",2001-03-12,97476,1930,17682000000.0,5001000000.0,8664999936.0,10591000000.0,7153000000.0,2603000000.0
GEN,Gen Digital,Information Technology,Systems Software,"Tempe, Arizona",2003-03-25,849399,1982,5000000000.0,973000000.0,2388999936.0,-1629000000.0,1545000000.0,1523000000.0
APH,Amphenol,Information Technology,Electronic Components,"Wallingford, Connecticut",2008-09-30,820313,1932,23094700000.0,4270300000.0,8171299840.0,13464400000.0,5374700000.0,4378100000.0
CDNS,Cadence Design Systems,Information Technology,Application Software,"San Jose, California",2017-09-18,813672,1988,5296759000.0,1108888000.0,2014227968.0,3034382000.0,1728781000.0,1586910000.0
MSFT,Microsoft,Information Technology,Systems Software,"Redmond, Washington",1994-06-01,789019,1975,281724000000.0,101832000000.0,184457003008.0,49913000000.0,136162000000.0,71611000000.0
FICO,Fair Isaac,Information Technology,Application Software,"Bozeman, Montana",2023-03-20,814547,1956,1990869000.0,651946000.0,1163016960.0,-144050000.0,778807000.0,739400000.0
SWKS,Skyworks Solutions,Information Technology,Semiconductors,"Irvine, California",2015-03-12,4127,2002,4086900000.0,477100000.0,909100032.0,1753800000.0,1300800000.0,1075900000.0
FFIV,"F5, Inc.",Information Technology,Communications Equipment,"Seattle, Washington",2010-12-20,1048695,1996,3088072000.0,692380000.0,903073984.0,906120000.0,949666000.0,906406000.0
KEYS,Keysight Technologies,Information Technology,Electronic Equipment & Instruments,"Santa Rosa, California",2018-11-06,1601046,2014 (1939),5375000000.0,850000000.0,1430000000.0,2498000000.0,1409000000.0,1281000000.0
EPAM,EPAM Systems,Information Technology,IT Consulting & Other Services,"Newtown, Pennsylvania",2021-12-14,1352010,1993,5457056000.0,377678000.0,731454976.0,1556946000.0,654934000.0,612691000.0
PLTR,Palantir Technologies,Information Technology,Application Software,"Aventura, Florida",2024-09-23,1321655,2003,4475446000.0,1625033000.0,2018253056.0,7182593000.0,2134473000.0,2100591000.0
GLW,Corning Inc.,Information Technology,Electronic Components,"Corning, New York",1995-02-27,24741,1851,15629000000.0,1596000000.0,3907000064.0,3308000000.0,2695000000.0,1413000000.0
LITE,Lumentum,Information Technology,Communications Equipment,"San Jose, California",2026-03-23,1633978,2015,1645000000.0,25900000.0,508800000.0,1324500000.0,126300000.0,-104700000.0
NVDA,Nvidia,Information Technology,Semiconductors,"Santa Clara, California",2001-11-30,1045810,1993,215938000000.0,120067000000.0,165514002432.0,93442000000.0,102718000000.0,96676000000.0
ON,ON Semiconductor,Information Technology,Semiconductors,"Phoenix, Arizona",2022-06-21,1097864,1999,5995400000.0,121000000.0,2047800064.0,4535400000.0,1759800000.0,1418600000.0
DDOG,Datadog,Information Technology,Application Software,"New York City, New York",2025-07-09,1561550,2010,3427158000.0,107741000.0,34639000.0,3790879000.0,1050135000.0,914717000.0
NTAP,NetApp,Information Technology,"Technology Hardware, Storage & Peripherals","San Jose, California",1999-06-25,1002047,1992,6925000000.0,1276000000.0,1884000000.0,1755000000.0,2067000000.0,1869000000.0
CSCO,Cisco,Information Technology,Communications Equipment,"San Jose, California",1993-12-01,858877,1984,56654000000.0,10180000000.0,17006999552.0,-78000000.0,14193000000.0,13288000000.0
MSI,Motorola Solutions,Information Technology,Communications Equipment,"Chicago, Illinois",1957-03-04,68505,1928 (2011),11682000000.0,2154000000.0,3494000128.0,222000000.0,2837000000.0,2572000000.0
CIEN,Ciena,Information Technology,Communications Equipment,"Hanover, Maryland",2026-02-09,936395,1992,4769507000.0,123338000.0,785740032.0,2257113000.0,806093000.0,665292000.0
HPE,Hewlett Packard Enterprise,Information Technology,"Technology Hardware, Storage & Peripherals","Houston, Texas",2015-11-02,1645590,2015,34296000000.0,57000000.0,5631000064.0,351000000.0,2919000000.0,627000000.0
CTSH,Cognizant,Information Technology,IT Consulting & Other Services,"Teaneck, New Jersey",2006-11-17,1058290,1994,21108000000.0,2230000000.0,3891000064.0,4159000000.0,2883000000.0,2595000000.0
Q,Qnity Electronics,Information Technology,Semiconductor Materials & Equipment,"Wilmington, Delaware",2025-11-03,2058873,2025,4754000000.0,692000000.0,1448999936.0,1282000000.0,1273000000.0,988000000.0
MPWR,Monolithic Power Systems,Information Technology,Semiconductors,"Kirkland, Washington",2021-02-12,1280452,1997,2790459000.0,621483000.0,857198976.0,1814437000.0,838202000.0,663261000.0
QCOM,Qualcomm,Information Technology,Semiconductors,"San Diego, California",1999-07-22,804328,1985,44284000000.0,5541000000.0,12999000064.0,16610000000.0,14012000000.0,12820000000.0
DELL,Dell Technologies,Information Technology,"Technology Hardware, Storage & Peripherals","Round Rock, Texas",2024-09-23,1571996,2016,113538000000.0,5936000000.0,14065000448.0,-5667000000.0,11185000000.0,8552000000.0
MCHP,Microchip Technology,Information Technology,Semiconductors,"Chandler, Arizona",2007-09-07,827054,1989,4713100000.0,230000000.0,1219100032.0,1241300000.0,962100000.0,871000000.0
MU,Micron Technology,Information Technology,Semiconductors,"Boise, Idaho",1994-09-27,723125,1978,37378000000.0,8539000000.0,36802998272.0,17387000000.0,17525000000.0,1668000000.0
PTC,PTC Inc.,Information Technology,Application Software,"Boston, Massachusetts",2021-04-20,857005,1985,2739226000.0,733997000.0,1319337984.0,145963000.0,867696000.0,856688000.0
ALB,Albemarle Corporation,Materials,Specialty Chemicals,"Charlotte, North Carolina",2016-07-01,915913,1994,5142733000.0,-510628000.0,1067513984.0,2210095000.0,1282267000.0,692466000.0
CRH,CRH plc,Materials,Construction Materials,"Dublin, Ireland",2025-12-22,849395,1970,37447000000.0,3730000000.0,7583000064.0,6500000000.0,5625000000.0,2912000000.0
PKG,Packaging Corporation of America,Materials,Paper & Plastic Packaging Products & Materials,"Lake Forest, Illinois",2017-07-26,75677,1959,8989300000.0,774100000.0,1963299968.0,2198600000.0,1557500000.0,728600000.0
IFF,International Flavors & Fragrances,Materials,Specialty Chemicals,"New York City, New York",1976-03-31,51253,1958 (1889),10890000000.0,-361000000.0,1879000064.0,1661000000.0,850000000.0,254000000.0
CF,CF Industries,Materials,Fertilizers & Agricultural Chemicals,"Deerfield, Illinois",2008-08-27,1324404,1946,7084000000.0,1455000000.0,3436999936.0,2098000000.0,2752000000.0,1801000000.0
LYB,LyondellBasell,Materials,Specialty Chemicals,"Rotterdam, Netherlands",2012-09-05,1489393,2007,30153000000.0,-745000000.0,2220999936.0,4739000000.0,2262000000.0,384000000.0
SHW,Sherwin-Williams,Materials,Specialty Chemicals,"Cleveland, Ohio",1964-06-30,89800,1866,23574300000.0,2568500000.0,4557400064.0,-912900000.0,3451600000.0,2654000000.0
AVY,Avery Dennison,Materials,Paper & Plastic Packaging Products & Materials,"Mentor, Ohio",1987-12-31,8818,1935,8855500000.0,688000000.0,1443000064.0,336700000.0,881400000.0,681000000.0
BALL,Ball Corporation,Materials,"Metal, Glass & Plastic Containers","Broomfield, Colorado",1984-10-31,9389,1880,13161000000.0,912000000.0,2052999936.0,626000000.0,1262000000.0,788000000.0
MLM,Martin Marietta Materials,Materials,Construction Materials,"Raleigh, North Carolina",2014-07-02,916076,1993,6150000000.0,1137000000.0,2110000000.0,2298000000.0,1785000000.0,978000000.0
FCX,Freeport-McMoRan,Materials,Copper,"Phoenix, Arizona",2011-07-01,831259,1912,25915000000.0,2204000000.0,9783000064.0,7771000000.0,5610000000.0,1116000000.0
MOS,Mosaic Company (The),Materials,Fertilizers & Agricultural Chemicals,"Tampa, Florida",2011-09-26,1285785,2004 (1865 / 1909),12052400000.0,540700000.0,1993100032.0,1254700000.0,824800000.0,-534600000.0
NUE,Nucor,Materials,Steel,"Charlotte, North Carolina",1985-04-30,73309,1940,32494000000.0,1744000000.0,4953999872.0,7761000000.0,3234000000.0,-188000000.0
AMCR,Amcor,Materials,Paper & Plastic Packaging Products & Materials,"Warmley, Bristol, United Kingdom",2019-06-07,1748790,2019 (1860),15009000000.0,511000000.0,3200999936.0,1447000000.0,1390000000.0,810000000.0
IP,International Paper,Materials,Paper & Plastic Packaging Products & Materials,"Memphis, Tennessee",1957-03-04,51434,1898,23634000000.0,-3516000000.0,4007000064.0,2207000000.0,1698000000.0,-159000000.0
DD,DuPont,Materials,Specialty Chemicals,"Wilmington, Delaware",2019-06-03,1666700,2017 (1802),6849000000.0,-779000000.0,1552999936.0,3270000000.0,560000000.0,172000000.0
STLD,Steel Dynamics,Materials,Steel,"Fort Wayne, Indiana",2022-12-22,1022671,1993,18176581000.0,1185595000.0,2315760128.0,4361917000.0,1449534000.0,501509000.0
LIN,Linde plc,Materials,Industrial Gases,"Guildford, United Kingdom",1992-07-01,1707925,1879,33986000000.0,6898000000.0,13589999616.0,-1873000000.0,10350000000.0,5089000000.0
NEM,Newmont,Materials,Gold,"Denver, Colorado",1969-06-30,1164727,1921,22669000000.0,7085000000.0,16339000320.0,7354000000.0,10334000000.0,7299000000.0
PPG,PPG Industries,Materials,Specialty Chemicals,"Pittsburgh, Pennsylvania",1957-03-04,79879,1883,15875000000.0,1576000000.0,2712999936.0,3059000000.0,1941000000.0,1163000000.0
VMC,Vulcan Materials Company,Materials,Construction Materials,"Birmingham, Alabama",1999-06-30,1396009,1909,7941100000.0,1076700000.0,2350599936.0,1611800000.0,1813000000.0,1135300000.0
CTVA,Corteva,Materials,Fertilizers & Agricultural Chemicals,"Indianapolis, Indiana",2019-06-03,1755672,2019,17401000000.0,1094000000.0,4140999936.0,5210000000.0,3406000000.0,2815000000.0
DOW,Dow Inc.,Materials,Commodity Chemicals,"Midland, Michigan",2019-04-01,1751788,2019 (1897),39968000000.0,-2623000000.0,2641999872.0,8879000000.0,1032000000.0,-1447000000.0
APD,Air Products,Materials,Industrial Gases,"Upper Macungie Township, Pennsylvania",1985-04-30,2969,1940,12037300000.0,-394500000.0,3877600000.0,1607200000.0,3256800000.0,-3765800000.0
SW,Smurfit Westrock,Materials,Paper & Plastic Packaging Products & Materials,"Dublin, Ireland",2024-07-08,2005951,1934,31179000000.0,699000000.0,4769999872.0,3375000000.0,3392000000.0,1200000000.0
ECL,Ecolab,Materials,Specialty Chemicals,"Saint Paul, Minnesota",1989-01-31,31462,1923,16081200000.0,2075600000.0,4040900096.0,420900000.0,2952600000.0,1904300000.0
SPG,Simon Property Group,Real Estate,Retail REITs,"Indianapolis, Indiana",2002-06-26,1063761,2003,6364505000.0,4627612000.0,4915057152.0,-1736585000.0,4136551000.0,3202205000.0
CSGP,CoStar Group,Real Estate,Real Estate Services,"Washington, D.C.",2022-09-19,1057352,1987,3247000000.0,7000000.0,272000000.0,1373000000.0,430000000.0,41000000.0
CPT,Camden Property Trust,Real Estate,Multi-Family Residential REITs,"Houston, Texas",2022-04-04,906345,1981,1573544000.0,384462000.0,840089984.0,-409314000.0,826621000.0,386219000.0
AVB,AvalonBay Communities,Real Estate,Multi-Family Residential REITs,"Arlington, Virginia",2007-01-10,915912,1978,3040725000.0,1051301000.0,1846126976.0,-1189904000.0,1671105000.0,1406163000.0
EQIX,Equinix,Real Estate,Data Center REITs,"Redwood City, California",2015-03-20,1101239,1998,9217000000.0,1350000000.0,4281999872.0,1232000000.0,3911000000.0,-400000000.0
PLD,Prologis,Real Estate,Industrial REITs,"San Francisco, California",2003-07-17,1045609,1983,8790127000.0,3328231000.0,6560574976.0,-245154000.0,5008434000.0,
VICI,Vici Properties,Real Estate,Hotel & Resort REITs,"New York City, New York",2022-06-08,1705696,2017,4006116000.0,2775493000.0,3990516992.0,18615023000.0,2509991000.0,2508656000.0
INVH,Invitation Homes,Real Estate,Single-Family Residential REITs,"Dallas, Texas",2022-09-19,1687229,2012,2729296000.0,587924000.0,1492500992.0,193722000.0,1206230000.0,963478000.0
VTR,Ventas,Real Estate,Health Care REITs,"Chicago, Illinois",2009-03-04,740260,1998,5833980000.0,251381000.0,2288324096.0,-61864000.0,1646726000.0,1002111000.0
CBRE,CBRE Group,Real Estate,Real Estate Services,"Dallas, Texas",2006-11-10,1138118,1906,40550000000.0,1157000000.0,2200000000.0,1169000000.0,1559000000.0,1193000000.0
KIM,Kimco Realty,Real Estate,Retail REITs,"Jericho, New York",2006-04-04,879101,1958,2140116000.0,584741000.0,1311730048.0,674156000.0,1120015000.0,
ESS,Essex Property Trust,Real Estate,Multi-Family Residential REITs,"San Mateo, California",2014-04-02,920522,1971,1887345000.0,669666000.0,1278588032.0,-94545000.0,1074423000.0,934075000.0
O,Realty Income,Real Estate,Retail REITs,"San Diego, California",2015-04-07,726728,1969,5749377000.0,1058590000.0,5231514112.0,1513344000.0,3994754000.0,
MAA,Mid-America Apartment Communities,Real Estate,Multi-Family Residential REITs,"Memphis, Tennessee",2016-12-02,912595,1977,2209126000.0,446909000.0,1239638016.0,-1214153000.0,1078175000.0,717937000.0
SBAC,SBA Communications,Real Estate,Telecom Tower REITs,"Boca Raton, Florida",2017-09-01,1034054,1989,2815139000.0,1053632000.0,1827740032.0,-1904870000.0,1291328000.0,1066509000.0
HST,Host Hotels & Resorts,Real Estate,Hotel & Resort REITs,"Bethesda, Maryland",2007-03-20,1070750,1993,6114000000.0,765000000.0,1668999936.0,-305000000.0,1510000000.0,866000000.0
DOC,Healthpeak Properties,Real Estate,Health Care REITs,"Denver, Colorado",2008-03-31,765880,1985,2822512000.0,71347000.0,1543782016.0,-506589000.0,1251959000.0,
CCI,Crown Castle,Real Estate,Telecom Tower REITs,"Houston, Texas",2012-03-14,1051470,1994,4264000000.0,444000000.0,2729999872.0,-3335000000.0,3057000000.0,2875000000.0
IRM,Iron Mountain,Real Estate,Other Specialized REITs,"Portsmouth, New Hampshire",2009-01-06,1020569,1951,6901737000.0,144591000.0,2449746944.0,-684513000.0,1339999000.0,-1007116000.0
AMT,American Tower,Real Estate,Telecom Tower REITs,"Boston, Massachusetts",2007-11-19,1053507,1995,10644600000.0,2529500000.0,6989599744.0,-4172000000.0,5464000000.0,3783600000.0
UDR,"UDR, Inc.",Real Estate,Multi-Family Residential REITs,"Highlands Ranch, Colorado",2016-03-07,74208,1972,1712317000.0,377704000.0,1045686976.0,-737049000.0,902887000.0,613946000.0
DLR,Digital Realty,Real Estate,Data Center REITs,"Austin, Texas",2016-05-18,1297996,2004,6112692000.0,1308589000.0,2888658944.0,476860000.0,2412136000.0,
WY,Weyerhaeuser,Real Estate,Timber REITs,"Seattle, Washington",1979-10-01,106535,1900,6905000000.0,324000000.0,698000000.0,374000000.0,562000000.0,-381000000.0
WELL,Welltower,Real Estate,Health Care REITs,"Toledo, Ohio",2009-01-30,766704,1970,10667136000.0,936845000.0,2988736000.0,8056442000.0,2881677000.0,2847878000.0
PSA,Public Storage,Real Estate,Self-Storage REITs,"Glendale, California",2005-08-19,1393311,1972,4824113000.0,1784348000.0,3434970880.0,-152686000.0,3186449000.0,2897071000.0
FRT,Federal Realty Investment Trust,Real Estate,Retail REITs,"Rockville, Maryland",2016-02-01,34903,1962,1278975000.0,411077000.0,836086016.0,15243000.0,622378000.0,331040000.0
BXP,"BXP, Inc.",Real Estate,Office REITs,"Boston, Massachusetts",2006-04-03,1037540,1970,3482279000.0,276800000.0,1597104000.0,1787452000.0,1245157000.0,
EXR,Extra Space Storage,Real Estate,Self-Storage REITs,"Salt Lake City, Utah",2016-01-19,1289490,1977,3377542000.0,973999000.0,2284812032.0,239198000.0,1850193000.0,1829054000.0
ARE,Alexandria Real Estate Equities,Real Estate,Office REITs,"Pasadena, California",2017-03-20,1035443,1994,2945175000.0,-1429570000.0,1860583936.0,-1242819000.0,1414046000.0,
REG,Regency Centers,Real Estate,Retail REITs,"Jacksonville, Florida",2017-03-02,910606,1963,1553524000.0,527460000.0,1050718016.0,-100597000.0,827692000.0,
EQR,Equity Residential,Real Estate,Multi-Family Residential REITs,"Chicago, Illinois",2001-12-03,906107,1969,3093959000.0,1120089000.0,1892307968.0,-878327000.0,1648763000.0,1289704000.0
AES,AES Corporation,Utilities,Independent Power Producers & Energy Traders,"Arlington, Virginia",1998-10-02,874761,1981,12233000000.0,910000000.0,3755000064.0,-1990000000.0,4306000000.0,-1623000000.0
SRE,Sempra,Utilities,Multi-Utilities,"San Diego, California",2017-03-17,1032208,1998,13702000000.0,1837000000.0,5618999808.0,12943000000.0,4565000000.0,-6047000000.0
PEG,Public Service Enterprise Group,Utilities,Electric Utilities,"Newark, New Jersey",1957-03-04,788784,1903,12168000000.0,2111000000.0,4794999808.0,-1144000000.0,3298000000.0,26000000.0
VST,Vistra Corp.,Utilities,Electric Utilities,"Irving, Texas",2024-05-08,1692819,2016,17738000000.0,944000000.0,6790000128.0,-2635000000.0,4070000000.0,1318000000.0
ETR,Entergy,Utilities,Electric Utilities,"New Orleans, Louisiana",1957-03-04,65984,1913,12946686000.0,1773328000.0,5490236928.0,-2016117000.0,5150651000.0,-2790700000.0
ES,Eversource Energy,Utilities,Electric Utilities,"Hartford, Connecticut",2009-07-24,72741,1966,13547244000.0,1692372000.0,4898722816.0,-2731326000.0,4113572000.0,-45097000.0
ATO,Atmos Energy,Utilities,Gas Utilities,"Dallas, Texas",2019-02-15,731802,1906,4702755000.0,1198754000.0,2540303104.0,-309920000.0,2049456000.0,-1511943000.0
NRG,NRG Energy,Utilities,Independent Power Producers & Energy Traders,"Houston, Texas",2010-01-29,1013871,1992,30713000000.0,864000000.0,2257999872.0,5118000000.0,1913000000.0,765000000.0
XEL,Xcel Energy,Utilities,Multi-Utilities,"Minneapolis, Minnesota",1957-03-04,72903,1909,14669000000.0,2018000000.0,6060000256.0,-2075000000.0,4083000000.0,-6825000000.0
D,Dominion Energy,Utilities,Multi-Utilities,"Richmond, Virginia",2016-11-30,715957,1983,16506000000.0,2998000000.0,8240000000.0,-2373000000.0,5361000000.0,-7280000000.0
CNP,CenterPoint Energy,Utilities,Multi-Utilities,"Houston, Texas",1985-07-31,1130310,1882,9357000000.0,1052000000.0,3664000000.0,-559000000.0,2486000000.0,-2384000000.0
EXC,Exelon,Utilities,Electric Utilities,"Chicago, Illinois",1957-03-04,1109357,2000,24258000000.0,2768000000.0,8248999936.0,-785000000.0,6254000000.0,-2275000000.0
NI,NiSource,Utilities,Multi-Utilities,"Merrillville, Indiana",2000-11-02,1111711,1912,6642200000.0,929500000.0,2982700032.0,-1080200000.0,2362300000.0,-793800000.0
EVRG,Evergy,Utilities,Electric Utilities,"Kansas City, Missouri",2018-06-05,1711269,1909,5961600000.0,855600000.0,2787000064.0,-1880100000.0,2045200000.0,-751700000.0
CMS,CMS Energy,Utilities,Multi-Utilities,"Jackson, Michigan",1957-03-04,811156,1886,8539000000.0,1071000000.0,3048000000.0,-76000000.0,2235000000.0,-1803000000.0
PCG,PG&E Corporation,Utilities,Multi-Utilities,"Oakland, California",2022-10-03,1004980,1905,24935000000.0,2703000000.0,10312999936.0,-470000000.0,8716000000.0,-3071000000.0
AWK,American Water Works,Utilities,Water Utilities,"Camden, New Jersey",2016-03-04,1410636,1886,5140000000.0,1111000000.0,2836000000.0,-2556000000.0,2059000000.0,-1242000000.0
NEE,NextEra Energy,Utilities,Multi-Utilities,"Juno Beach, Florida",1976-06-30,753308,1984 (1925),27412000000.0,6835000000.0,14158999552.0,-9233000000.0,12485000000.0,3211000000.0
FE,FirstEnergy,Utilities,Electric Utilities,"Akron, Ohio",1997-11-28,1031296,1997,15090000000.0,1020000000.0,5169999872.0,-2292000000.0,3700000000.0,-1005000000.0
PNW,Pinnacle West Capital,Utilities,Multi-Utilities,"Phoenix, Arizona",1999-10-04,764622,1985,5339939000.0,616531000.0,2133831040.0,-1457317000.0,1805095000.0,-819523000.0
DTE,DTE Energy,Utilities,Multi-Utilities,"Detroit, Michigan",1957-03-04,936340,1995,15814000000.0,1462000000.0,3547000064.0,-1061000000.0,3409000000.0,-1020000000.0
EIX,Edison International,Utilities,Electric Utilities,"Rosemead, California",1957-03-04,827052,1886,19317000000.0,4701000000.0,8573000192.0,-2850000000.0,5800000000.0,-715000000.0
LNT,Alliant Energy,Utilities,Electric Utilities,"Madison, Wisconsin",2016-07-01,352541,1917,4362000000.0,810000000.0,1856000000.0,-426000000.0,1169000000.0,
AEE,Ameren,Utilities,Multi-Utilities,"St. Louis, Missouri",1991-09-19,1002910,1902,8799000000.0,,3827000064.0,-1336000000.0,3353000000.0,-821000000.0
DUK,Duke Energy,Utilities,Electric Utilities,"Charlotte, North Carolina",1976-06-30,1326160,1904,32237000000.0,4968000000.0,16478000128.0,-9434000000.0,12330000000.0,-1694000000.0
AEP,American Electric Power,Utilities,Electric Utilities,"Columbus, Ohio",1957-03-04,4904,1906,21876000000.0,3580000000.0,9141000192.0,-7262000000.0,6944000000.0,-1639000000.0
CEG,Constellation Energy,Utilities,Electric Utilities,"Baltimore, Maryland",2022-02-02,1868275,1999,25533000000.0,2319000000.0,7957000192.0,4175000000.0,4237000000.0,1288000000.0
PPL,PPL Corporation,Utilities,Electric Utilities,"Allentown, Pennsylvania",2001-10-01,922224,1920,9042000000.0,1181000000.0,3652000000.0,-615000000.0,2629000000.0,-1401000000.0
ED,Consolidated Edison,Utilities,Multi-Utilities,"New York City, New York",1957-03-04,1047862,1823,16918000000.0,2023000000.0,6016999936.0,136000000.0,4800000000.0,36000000.0
WEC,WEC Energy Group,Utilities,Electric Utilities,"Milwaukee, Wisconsin",2008-10-31,783325,1896,9800100000.0,1558700000.0,3932499968.0,-2308700000.0,3379400000.0,-1018700000.0
SO,Southern Company,Utilities,Electric Utilities,"Atlanta, Georgia",1957-03-04,92122,1945,29553000000.0,4341000000.0,13973999616.0,-5971000000.0,9802000000.0,-2935000000.0
